current_player,comparison_pool,neighbor_rank,display_group,comp_distance,Type,name,year,team,season,mpg,total_minutes,usage_pct,ws,ws_per_min,reb_pg,reb_per_min,oreb_pg,dreb_pg,3pa_pg,3pa_per_min,pts_pg,pts_per_min,ast_pg,ast_per_min,ast_pct,oreb_pct,dreb_pct,stl_pg,stl_per_min,stl_pct,blk_pg,blk_per_min,blk_pct,tov_pct,efg_pct,experience_year,major_conference,position,recruit_ranking,recruit_stars,recruit_rating,major_conference_num,next_team,next_major_conference,next_is_oregon,eligibility_reason,similarity_percentile,similarity_bucket
Andrew Meadow,all_college_comp,1.0,all_college_comp,0.20989779652016777,Actual Comp,Leo O'Boyle,2022-23,Lafayette,2023.0,31.0,1023.0,19.3,3.4,0.0033235581622678397,3.606060606060606,0.11632453567937438,1.0303030303030303,2.5757575757575757,5.515151515151516,0.17790811339198437,11.636363636363637,0.375366568914956,1.606060606060606,0.05180840664711633,0.11310285958173281,0.28600000000000003,0.10428168322905165,0.9393939393939394,0.030303030303030304,0.13614404918752745,0.30303030303030304,0.009775171065493646,0.07575757575757576,0.08806008806008807,0.555,3.0,False,F,,,,,Penn State,True,False,major_next_required,96.24666666666667,Very Strong
Andrew Meadow,all_college_comp,1.0,all_college_comp,0.20989779652016777,Actual Proj,Leo O'Boyle,2023-24,Penn State,2024.0,10.727272727272727,354.0,11.3,0.4,0.0011299435028248588,0.8484848484848485,0.07909604519774012,0.30303030303030304,0.5454545454545454,1.606060606060606,0.1497175141242938,1.9696969696969697,0.18361581920903955,0.24242424242424243,0.022598870056497175,0.017072129748186088,0.35700000000000004,0.02208317997791682,0.3939393939393939,0.03672316384180791,0.05709266578831796,0.12121212121212122,0.011299435028248588,0.030303030303030304,0.0259000259000259,0.43700000000000006,4.0,True,F,,,,,Penn State,True,False,major_next_required,96.24666666666667,Very Strong
Andrew Meadow,all_college_comp,2.0,all_college_comp,0.3307293692243373,Actual Comp,Troy D'Amico,2023-24,Southern Illinois,2024.0,32.34375,1035.0,16.2,2.7,0.0026086956521739132,3.71875,0.11497584541062802,0.90625,2.8125,4.46875,0.13816425120772946,9.28125,0.28695652173913044,2.5625,0.07922705314009662,0.18045774647887325,0.244,0.11386639676113361,0.5,0.015458937198067632,0.07246376811594203,0.40625,0.012560386473429951,0.1015625,0.13087606837606838,0.536,3.0,False,F,,,,,DePaul,True,False,major_next_required,77.02,Strong
Andrew Meadow,all_college_comp,2.0,all_college_comp,0.3307293692243373,Actual Proj,Troy D'Amico,2024-25,DePaul,2025.0,26.5,848.0,11.9,1.4,0.001650943396226415,2.6875,0.10141509433962265,0.5625,2.125,3.21875,0.1214622641509434,6.125,0.23113207547169812,1.65625,0.0625,0.11663732394366198,0.209,0.08603238866396762,0.34375,0.012971698113207548,0.049818840579710144,0.375,0.014150943396226415,0.09375,0.08279914529914531,0.5539999999999999,4.0,True,F,,,,,DePaul,True,False,major_next_required,77.02,Strong
Andrew Meadow,all_college_comp,3.0,all_college_comp,0.3427111141587922,Actual Comp,Moses Wood,2022-23,Portland,2023.0,32.96551724137931,956.0,21.9,3.0,0.0031380753138075313,6.310344827586207,0.19142259414225943,1.2758620689655173,5.0344827586206895,6.413793103448276,0.19456066945606695,15.310344827586206,0.46443514644351463,1.8275862068965518,0.05543933054393305,0.12870325400679944,0.20199999999999999,0.20382521289962308,0.5172413793103449,0.015690376569037656,0.07496251874062969,0.5862068965517241,0.01778242677824268,0.14655172413793102,0.16799292661361628,0.573,3.0,False,F,,,,,Washington,True,False,major_next_required,73.7,Strong
Andrew Meadow,all_college_comp,3.0,all_college_comp,0.3427111141587922,Actual Proj,Moses Wood,2023-24,Washington,2024.0,32.5625,1042.0,16.6,2.8,0.0026871401151631474,4.5,0.1381957773512476,0.8125,3.6875,6.3125,0.19385796545105566,11.875,0.3646833013435701,0.75,0.023032629558541268,0.05281690140845071,0.18100000000000002,0.1492914979757085,0.5625,0.01727447216890595,0.08152173913043478,0.5625,0.01727447216890595,0.140625,0.08012820512820513,0.5579999999999999,4.0,True,F,,,,,Washington,True,False,major_next_required,73.7,Strong
Andrew Meadow,current_player,,current_player,,Actual,Andrew Meadow,2025-26,Boise State,2026.0,29.96875,959.0,18.5,3.2,0.003336809176225235,3.625,0.12095933263816476,0.9375,2.6875,3.5625,0.11887382690302398,12.0625,0.40250260688216893,1.0,0.03336809176225235,0.07042253521126761,0.259,0.10880566801619433,0.5625,0.018769551616266946,0.08152173913043478,0.03125,0.0010427528675703858,0.0078125,0.07745726495726496,0.594,3.0,False,F,,,,,,,,,,
Andrew Meadow,current_player,,current_player,,Projection,Andrew Meadow,2026-27+,Oregon,2027.0,29.37107039291221,1057.3585341448395,22.94977764423077,2.167474019881693,0.0020498950449524505,4.49649609061571,0.15309268713954663,1.2481570317259707,3.2483390588897394,3.968515065408673,0.13511646025561092,12.345936959645845,0.42034344661218587,1.7360514500216604,0.05910753087298454,0.12225714436772257,0.11557009553018247,0.13151170278905827,0.8353743929094694,0.02844208201247786,0.12106875259557526,0.3333961233970996,0.01135117375489163,0.0833490308492749,0.11833478555571625,0.5563747419259065,4.0,True,F,,,,1.0,,,,,,
Andrew Meadow,oregon_comp,1.0,oregon_comp,0.7078079852092266,Actual Comp,Quincy Guerrier,2022-23,Oregon,2023.0,25.75,927.0,19.6,2.5,0.002696871628910464,4.638888888888889,0.18015102481121897,1.3055555555555556,3.3333333333333335,4.0,0.1553398058252427,9.0,0.34951456310679613,1.0,0.038834951456310676,0.07042253521126761,0.281,0.1349527665317139,0.3888888888888889,0.015102481121898598,0.05636070853462158,0.3611111111111111,0.014023732470334413,0.09027777777777778,0.11158594491927826,0.519,3.0,True,F,,,,,Illinois,True,False,power_next_required,9.053333333333333,Very Weak
Andrew Meadow,oregon_comp,1.0,oregon_comp,0.7078079852092266,Actual Proj,Quincy Guerrier,2023-24,Illinois,2024.0,24.157894736842106,918.0,18.7,3.0,0.0032679738562091504,6.105263157894737,0.25272331154684097,1.7105263157894737,4.394736842105263,3.026315789473684,0.12527233115468409,9.552631578947368,0.3954248366013072,0.2894736842105263,0.011982570806100218,0.02038547071905115,0.28,0.17792456850628596,0.2631578947368421,0.010893246187363835,0.03813882532418001,0.3157894736842105,0.013071895424836602,0.07894736842105263,0.07647323436797121,0.556,4.0,True,F,,,,,Illinois,True,False,power_next_required,9.053333333333333,Very Weak
Andrew Meadow,oregon_comp,2.0,oregon_comp,0.710076652880085,Actual Comp,C.J. Walker,2022-23,UCF,2023.0,19.25,77.0,20.1,0.2,0.0025974025974025974,3.5,0.18181818181818182,1.0,2.5,1.5,0.07792207792207792,5.0,0.2597402597402597,0.5,0.025974025974025976,0.035211267605633804,0.28600000000000003,0.10121457489878542,0.75,0.03896103896103896,0.10869565217391304,0.75,0.03896103896103896,0.1875,0.17094017094017094,0.42100000000000004,3.0,False,F,,,,,UCF,True,False,power_next_required,8.913333333333332,Very Weak
Andrew Meadow,oregon_comp,2.0,oregon_comp,0.710076652880085,Actual Proj,C.J. Walker,2023-24,UCF,2024.0,22.57894736842105,429.0,20.8,0.9,0.002097902097902098,4.7368421052631575,0.2097902097902098,0.9473684210526315,3.789473684210526,1.5263157894736843,0.0675990675990676,7.842105263157895,0.3473193473193473,0.5263157894736842,0.023310023310023312,0.037064492216456635,0.2,0.15341998721500105,0.5263157894736842,0.023310023310023312,0.07627765064836002,0.5263157894736842,0.023310023310023312,0.13157894736842105,0.103463787674314,0.43200000000000005,4.0,True,F,,,,,UCF,True,False,power_next_required,8.913333333333332,Very Weak
Andrew Meadow,oregon_comp,3.0,oregon_comp,0.7534474197346346,Actual Comp,Chandler Lawson,2022-23,Memphis,2023.0,19.514285714285716,683.0,12.7,2.0,0.0029282576866764276,4.485714285714286,0.22986822840409957,1.3428571428571427,3.142857142857143,0.4,0.020497803806734993,5.0,0.2562225475841874,0.7714285714285715,0.03953147877013177,0.05432595573440644,0.299,0.12724117987275882,0.7142857142857143,0.036603221083455345,0.10351966873706003,0.5428571428571428,0.027818448023426062,0.1357142857142857,0.08302808302808304,0.596,3.0,False,F,,,,,Arkansas,True,False,power_next_required,7.573333333333333,Very Weak
Andrew Meadow,oregon_comp,3.0,oregon_comp,0.7534474197346346,Actual Proj,Chandler Lawson,2023-24,Arkansas,2024.0,14.969696969696969,494.0,12.7,1.0,0.0020242914979757085,3.121212121212121,0.20850202429149797,0.6666666666666666,2.4545454545454546,0.45454545454545453,0.030364372469635626,3.6666666666666665,0.24493927125506074,0.6666666666666666,0.044534412955465584,0.046948356807511735,0.214,0.09937430990062569,0.3939393939393939,0.02631578947368421,0.05709266578831796,0.8787878787878788,0.058704453441295545,0.2196969696969697,0.036260036260036266,0.54,4.0,True,F,,,,,Arkansas,True,False,power_next_required,7.573333333333333,Very Weak
Dwayne Aristode,all_college_comp,1.0,all_college_comp,0.44720231863722576,Actual Comp,Omaha Biliew,2024-25,Wake Forest,2025.0,9.384615384615385,122.0,15.9,0.3,0.0024590163934426227,1.5384615384615385,0.16393442622950818,0.38461538461538464,1.1538461538461537,1.0,0.10655737704918032,2.8461538461538463,0.30327868852459017,0.46153846153846156,0.04918032786885246,0.03250270855904659,0.25,0.046714419184054806,0.5384615384615384,0.05737704918032787,0.07803790412486064,0.3076923076923077,0.03278688524590164,0.07692307692307693,0.04602235371466141,0.603,2.0,True,F,12.0,5.0,0.9961,,Wake Forest,True,False,major_next_required,42.03333333333333,Weak
Dwayne Aristode,all_college_comp,1.0,all_college_comp,0.44720231863722576,Actual Proj,Omaha Biliew,2025-26,Wake Forest,2026.0,20.17142857142857,706.0,14.6,1.6,0.00226628895184136,2.4285714285714284,0.12039660056657224,0.9428571428571428,1.4857142857142858,2.4857142857142858,0.12322946175637393,6.285714285714286,0.311614730878187,0.5142857142857142,0.025495750708215296,0.03621730382293763,0.38799999999999996,0.06015037593984963,0.6,0.029745042492917848,0.08695652173913043,0.37142857142857144,0.018413597733711047,0.09285714285714286,0.061050061050061055,0.5670000000000001,3.0,True,F,,,,,Wake Forest,True,False,major_next_required,42.03333333333333,Weak
Dwayne Aristode,all_college_comp,2.0,all_college_comp,0.4571435502988303,Actual Comp,Billy Richmond III,2024-25,Arkansas,2025.0,17.52777777777778,631.0,18.0,1.5,0.002377179080824089,2.9722222222222223,0.16957210776545167,0.9722222222222222,2.0,0.4444444444444444,0.025356576862123614,5.694444444444445,0.3248811410459588,1.3611111111111112,0.07765451664025357,0.0958528951486698,0.327,0.08097165991902834,0.5277777777777778,0.030110935023771792,0.07648953301127213,0.4166666666666667,0.02377179080824089,0.10416666666666667,0.10683760683760685,0.529,1.0,True,F,27.0,5.0,0.9905,,Arkansas,True,False,major_next_required,39.56,Weak
Dwayne Aristode,all_college_comp,2.0,all_college_comp,0.4571435502988303,Actual Proj,Billy Richmond III,2025-26,Arkansas,2026.0,27.62162162162162,1022.0,18.0,3.4,0.0033268101761252445,4.297297297297297,0.15557729941291584,1.3513513513513513,2.945945945945946,1.5675675675675675,0.05675146771037182,11.162162162162161,0.4041095890410959,2.027027027027027,0.07338551859099804,0.1427483821850019,0.314,0.1192690666374877,1.1081081081081081,0.040117416829745595,0.16059537798668233,0.8108108108108109,0.029354207436399216,0.20270270270270271,0.10395010395010396,0.588,2.0,True,F,,,,,Arkansas,True,False,major_next_required,39.56,Weak
Dwayne Aristode,all_college_comp,3.0,all_college_comp,0.4802432488879867,Actual Comp,Sam Alajiki,2021-22,California,2022.0,12.5,375.0,13.9,0.7,0.0018666666666666666,1.9,0.152,0.43333333333333335,1.4666666666666666,1.3333333333333333,0.10666666666666667,3.066666666666667,0.24533333333333332,0.4,0.032,0.028169014084507046,0.228,0.059379217273954114,0.26666666666666666,0.021333333333333333,0.03864734299516908,0.2,0.016,0.05,0.05698005698005698,0.603,1.0,True,F,,,,,California,True,False,major_next_required,34.473333333333336,Weak
Dwayne Aristode,all_college_comp,3.0,all_college_comp,0.4802432488879867,Actual Proj,Sam Alajiki,2022-23,California,2023.0,23.93103448275862,694.0,15.9,0.7,0.0010086455331412103,3.586206896551724,0.14985590778097982,0.8620689655172413,2.7241379310344827,3.1724137931034484,0.13256484149855907,6.068965517241379,0.25360230547550433,0.6896551724137931,0.02881844380403458,0.048567265662943185,0.24,0.11028898506212481,0.3793103448275862,0.01585014409221902,0.05497251374312843,0.5517241379310345,0.023054755043227664,0.13793103448275862,0.07957559681697612,0.494,2.0,True,F,,,,,California,True,False,major_next_required,34.473333333333336,Weak
Dwayne Aristode,current_player,,current_player,,Actual,Dwayne Aristode,2025-26,Arizona,2026.0,13.285714285714286,465.0,12.3,1.8,0.003870967741935484,1.7428571428571429,0.13118279569892474,0.6285714285714286,1.1142857142857143,1.8571428571428572,0.13978494623655913,3.8285714285714287,0.28817204301075267,0.7428571428571429,0.05591397849462366,0.052313883299798795,0.361,0.04511278195488722,0.45714285714285713,0.034408602150537634,0.06625258799171842,0.08571428571428572,0.0064516129032258064,0.02142857142857143,0.03663003663003663,0.6459999999999999,1.0,True,F,24.0,5.0,0.9913,,,,,,,
Dwayne Aristode,current_player,,current_player,,Projection,Dwayne Aristode,2026-27+,Oregon,2027.0,21.483965838704805,773.422770193373,15.725318681318683,1.587613430266823,0.0020527110028967523,3.1097067634558866,0.14474547142751185,0.8707002593957873,2.2390065040600993,2.7033522521095588,0.12583115577475404,6.390240368442204,0.2974423072731645,1.2174937782728565,0.05666988057109362,0.08573899846991948,0.08062039438849881,0.09064803660162346,0.6342237602054783,0.02952079541398645,0.0919164869863012,0.2730539366004827,0.012709661644897877,0.06826348415012068,0.06466361914370962,0.5729497236995144,2.0,True,F,24.0,5.0,0.9913,1.0,,,,,,
Dwayne Aristode,oregon_comp,1.0,oregon_comp,0.6504232787777879,Actual Comp,Kwame Evans Jr.,2023-24,Oregon,2024.0,22.52777777777778,811.0,16.9,2.9,0.003575832305795314,4.916666666666667,0.218249075215783,1.4166666666666667,3.5,2.0833333333333335,0.09247842170160296,7.277777777777778,0.32305795314426633,1.1111111111111112,0.04932182490752158,0.0782472613458529,0.28800000000000003,0.1417004048582996,1.2222222222222223,0.05425400739827373,0.17713365539452497,1.0,0.04438964241676942,0.25,0.06885090218423552,0.495,1.0,True,F,15.0,5.0,0.9942,,Oregon,True,True,power_next_required,12.24,Very Weak
Dwayne Aristode,oregon_comp,1.0,oregon_comp,0.6504232787777879,Actual Proj,Kwame Evans Jr.,2024-25,Oregon,2025.0,16.314285714285713,571.0,19.9,2.0,0.0035026269702276708,4.6,0.2819614711033275,1.6,3.0,1.4857142857142858,0.09106830122591944,6.114285714285714,0.37478108581436076,0.6571428571428571,0.040280210157618214,0.04627766599597586,0.348,0.12145748987854252,0.4,0.024518388791593695,0.057971014492753624,0.5714285714285714,0.03502626970227671,0.14285714285714285,0.0927960927960928,0.514,2.0,True,F,,,,,Oregon,True,True,power_next_required,12.24,Very Weak
Dwayne Aristode,oregon_comp,2.0,oregon_comp,0.6533294590234108,Actual Comp,Kwame Evans Jr.,2024-25,Oregon,2025.0,16.314285714285713,571.0,19.9,2.0,0.0035026269702276708,4.6,0.2819614711033275,1.6,3.0,1.4857142857142858,0.09106830122591944,6.114285714285714,0.37478108581436076,0.6571428571428571,0.040280210157618214,0.04627766599597586,0.348,0.12145748987854252,0.4,0.024518388791593695,0.057971014492753624,0.5714285714285714,0.03502626970227671,0.14285714285714285,0.0927960927960928,0.514,2.0,True,F,15.0,5.0,0.9942,,Oregon,True,True,power_next_required,12.006666666666668,Very Weak
Dwayne Aristode,oregon_comp,2.0,oregon_comp,0.6533294590234108,Actual Proj,Kwame Evans Jr.,2025-26,Oregon,2026.0,30.966666666666665,929.0,22.1,3.2,0.003444564047362756,7.433333333333334,0.24004305705059203,2.1666666666666665,5.266666666666667,3.4,0.10979547900968784,13.333333333333334,0.43057050592034446,1.9666666666666666,0.06350914962325081,0.13849765258215962,0.29100000000000004,0.21322537112010798,0.9666666666666667,0.031216361679224973,0.1400966183574879,1.3,0.04198062432723358,0.325,0.1623931623931624,0.511,3.0,True,F,,,,,Oregon,True,True,power_next_required,12.006666666666668,Very Weak
Dwayne Aristode,oregon_comp,3.0,oregon_comp,0.753311312973813,Actual Comp,Mookie Cook,2023-24,Oregon,2024.0,6.4,32.0,9.9,0.0,0.0,0.6,0.09375,0.0,0.6,0.4,0.0625,1.2,0.1875,0.2,0.03125,0.014084507042253523,0.0,0.024291497975708502,0.4,0.0625,0.057971014492753624,0.0,0.0,0.0,0.017094017094017096,0.6,1.0,True,F,30.0,4.0,0.9886,,Oregon,True,True,power_next_required,7.573333333333333,Very Weak
Dwayne Aristode,oregon_comp,3.0,oregon_comp,0.753311312973813,Actual Proj,Mookie Cook,2024-25,Oregon,2025.0,4.333333333333333,104.0,10.0,0.4,0.0038461538461538464,0.4583333333333333,0.10576923076923077,0.16666666666666666,0.2916666666666667,0.375,0.08653846153846154,1.125,0.25961538461538464,0.08333333333333333,0.019230769230769232,0.005868544600938967,0.364,0.011808367071524967,0.16666666666666666,0.038461538461538464,0.024154589371980673,0.20833333333333334,0.04807692307692308,0.052083333333333336,0.0035612535612535613,0.706,2.0,True,F,,,,,Oregon,True,True,power_next_required,7.573333333333333,Very Weak
Fred Payne,all_college_comp,1.0,all_college_comp,0.22990709316208507,Actual Comp,TJ Bamba,2022-23,Washington State,2023.0,32.225806451612904,999.0,27.2,3.4,0.0034034034034034033,3.7419354838709675,0.11611611611611612,0.8064516129032258,2.935483870967742,4.774193548387097,0.14814814814814814,15.806451612903226,0.4904904904904905,1.6774193548387097,0.05205205205205205,0.11812812358019083,0.21600000000000003,0.11884550084889645,0.8709677419354839,0.02702702702702703,0.12622720897615708,0.25806451612903225,0.008008008008008008,0.06451612903225806,0.17094017094017094,0.496,3.0,True,G,277.0,3.0,0.88,,Villanova,True,False,major_next_required,95.03333333333333,Very Strong
Fred Payne,all_college_comp,1.0,all_college_comp,0.22990709316208507,Actual Proj,TJ Bamba,2023-24,Villanova,2024.0,28.09090909090909,927.0,20.6,2.8,0.0030204962243797194,3.5757575757575757,0.1272923408845739,0.6060606060606061,2.9696969696969697,3.696969696969697,0.13160733549083065,10.121212121212121,0.36030204962243795,1.7878787878787878,0.06364617044228695,0.1259069568928724,0.16899999999999998,0.12023064654643602,0.8484848484848485,0.030204962243797196,0.12296881862099253,0.2727272727272727,0.009708737864077669,0.06818181818181818,0.12173012173012174,0.515,4.0,True,G,,,,,Villanova,True,False,major_next_required,95.03333333333333,Very Strong
Fred Payne,all_college_comp,2.0,all_college_comp,0.3223841786622743,Actual Comp,Jaylen Murray,2023-24,Ole Miss,2024.0,32.15625,1029.0,23.0,2.8,0.0027210884353741495,2.34375,0.0728862973760933,0.40625,1.9375,6.03125,0.18756073858114675,13.78125,0.42857142857142855,3.96875,0.12342079689018465,0.2794894366197183,0.17300000000000001,0.07844129554655871,1.375,0.042759961127308066,0.19927536231884058,0.40625,0.012633624878522837,0.1015625,0.14423076923076925,0.507,3.0,True,G,303.0,3.0,0.8574,,Ole Miss,True,False,major_next_required,79.09333333333333,Strong
Fred Payne,all_college_comp,2.0,all_college_comp,0.3223841786622743,Actual Proj,Jaylen Murray,2024-25,Ole Miss,2025.0,30.63888888888889,1103.0,18.4,2.8,0.002538531278331822,2.1666666666666665,0.07071622846781506,0.1111111111111111,2.0555555555555554,4.5,0.1468721668177697,10.333333333333334,0.3372620126926564,3.4444444444444446,0.11242067089755213,0.242566510172144,0.051,0.0832208726945569,1.3888888888888888,0.04533091568449683,0.20128824476650561,0.19444444444444445,0.006346328195829556,0.04861111111111111,0.11158594491927826,0.5,4.0,True,G,,,,,Ole Miss,True,False,major_next_required,79.09333333333333,Strong
Fred Payne,all_college_comp,3.0,all_college_comp,0.32813808116115045,Actual Comp,Mark Sears,2022-23,Alabama,2023.0,29.783783783783782,1102.0,20.1,4.8,0.004355716878402903,3.5405405405405403,0.11887477313974591,0.7027027027027027,2.8378378378378377,5.405405405405405,0.18148820326678766,12.513513513513514,0.42014519056261346,2.5945945945945947,0.08711433756805807,0.18271792919680246,0.198,0.11489222015537805,1.162162162162162,0.03901996370235935,0.16842929886408145,0.08108108108108109,0.0027223230490018148,0.02027027027027027,0.16170016170016172,0.509,3.0,True,G,218.0,3.0,0.8922,,Alabama,True,False,major_next_required,77.70666666666666,Strong
Fred Payne,all_college_comp,3.0,all_college_comp,0.32813808116115045,Actual Proj,Mark Sears,2023-24,Alabama,2024.0,33.648648648648646,1245.0,25.8,6.9,0.005542168674698795,4.162162162162162,0.12369477911646587,0.8648648648648649,3.2972972972972974,5.891891891891892,0.1751004016064257,21.54054054054054,0.6401606425702812,4.027027027027027,0.11967871485943775,0.28359345260753716,0.20800000000000002,0.13349381770434401,1.6216216216216217,0.04819277108433735,0.23501762632197415,0.10810810810810811,0.00321285140562249,0.02702702702702703,0.2079002079002079,0.604,4.0,True,G,,,,,Alabama,True,False,major_next_required,77.70666666666666,Strong
Fred Payne,current_player,,current_player,,Actual,Fred Payne,2025-26,Boston College,2026.0,34.67741935483871,1075.0,26.2,2.8,0.0026046511627906975,4.193548387096774,0.12093023255813953,0.7096774193548387,3.4838709677419355,6.870967741935484,0.19813953488372094,15.806451612903226,0.4558139534883721,2.7096774193548385,0.07813953488372093,0.19082235347569287,0.16899999999999998,0.14104740760088808,1.1290322580645162,0.03255813953488372,0.16362786348761105,0.1935483870967742,0.005581395348837209,0.04838709677419355,0.12682657843948167,0.47200000000000003,3.0,True,G,226.0,3.0,0.8752,,,,,,,
Fred Payne,current_player,,current_player,,Projection,Fred Payne,2026-27+,Oregon,2027.0,31.0,1116.0,25.916354838709676,1.7230475249557762,0.0015439493951216632,4.898473730438661,0.15801528162705358,1.1668622406599585,3.731611489778702,5.399341891976354,0.1741723190960114,14.207591558943115,0.45830940512719726,2.6585944795216214,0.08576111224263296,0.18722496334659305,0.10804280006110725,0.15107738825014988,1.1532232546027021,0.037200750148474265,0.16713380501488437,0.4264411551720136,0.013756166295871406,0.1066102887930034,0.1570463685305999,0.49733091943963875,4.0,True,G,226.0,3.0,0.8752,1.0,,,,,,
Fred Payne,oregon_comp,1.0,oregon_comp,0.30730869377243386,Actual Comp,TJ Bamba,2022-23,Washington State,2023.0,32.225806451612904,999.0,27.2,3.4,0.0034034034034034033,3.7419354838709675,0.11611611611611612,0.8064516129032258,2.935483870967742,4.774193548387097,0.14814814814814814,15.806451612903226,0.4904904904904905,1.6774193548387097,0.05205205205205205,0.11812812358019083,0.21600000000000003,0.11884550084889645,0.8709677419354839,0.02702702702702703,0.12622720897615708,0.25806451612903225,0.008008008008008008,0.06451612903225806,0.17094017094017094,0.496,3.0,True,G,277.0,3.0,0.88,,Villanova,True,False,power_next_required,83.12666666666667,Strong
Fred Payne,oregon_comp,1.0,oregon_comp,0.30730869377243386,Actual Proj,TJ Bamba,2023-24,Villanova,2024.0,28.09090909090909,927.0,20.6,2.8,0.0030204962243797194,3.5757575757575757,0.1272923408845739,0.6060606060606061,2.9696969696969697,3.696969696969697,0.13160733549083065,10.121212121212121,0.36030204962243795,1.7878787878787878,0.06364617044228695,0.1259069568928724,0.16899999999999998,0.12023064654643602,0.8484848484848485,0.030204962243797196,0.12296881862099253,0.2727272727272727,0.009708737864077669,0.06818181818181818,0.12173012173012174,0.515,4.0,True,G,,,,,Villanova,True,False,power_next_required,83.12666666666667,Strong
Fred Payne,oregon_comp,2.0,oregon_comp,0.46989341506337845,Actual Comp,Will Richardson,2021-22,Oregon,2022.0,32.3,969.0,22.8,3.9,0.004024767801857585,3.6666666666666665,0.11351909184726522,0.8666666666666667,2.8,4.9,0.15170278637770898,14.133333333333333,0.4375644994840041,3.6,0.11145510835913312,0.2535211267605634,0.23600000000000002,0.11336032388663968,1.3,0.04024767801857585,0.18840579710144928,0.03333333333333333,0.0010319917440660474,0.008333333333333333,0.17948717948717952,0.541,2.0,True,G,179.0,3.0,0.9006,,Oregon,True,True,power_next_required,36.58,Weak
Fred Payne,oregon_comp,2.0,oregon_comp,0.46989341506337845,Actual Proj,Will Richardson,2022-23,Oregon,2023.0,35.696969696969695,1178.0,20.8,3.3,0.002801358234295416,3.606060606060606,0.10101867572156197,0.696969696969697,2.909090909090909,4.393939393939394,0.1230899830220713,12.151515151515152,0.3404074702886248,5.090909090909091,0.14261460101867574,0.3585147247119078,0.193,0.11777695988222305,1.4848484848484849,0.04159592529711375,0.21519543258673693,0.12121212121212122,0.003395585738539898,0.030303030303030304,0.259000259000259,0.503,3.0,True,G,,,,,Oregon,True,True,power_next_required,36.58,Weak
Fred Payne,oregon_comp,3.0,oregon_comp,0.505331719285203,Actual Comp,Jermaine Couisnard,2022-23,Oregon,2023.0,28.57894736842105,543.0,25.9,1.5,0.0027624309392265192,3.0526315789473686,0.10681399631675875,0.631578947368421,2.4210526315789473,5.105263157894737,0.17863720073664824,12.789473684210526,0.44751381215469616,2.210526315789474,0.07734806629834254,0.1556708673091179,0.207,0.09801832516513957,0.9473684210526315,0.03314917127071823,0.13729977116704803,0.10526315789473684,0.003683241252302026,0.02631578947368421,0.17094017094017094,0.48,3.0,True,G,,,,,Oregon,True,True,power_next_required,28.913333333333334,Weak
Fred Payne,oregon_comp,3.0,oregon_comp,0.505331719285203,Actual Proj,Jermaine Couisnard,2023-24,Oregon,2024.0,32.30555555555556,1163.0,28.1,4.2,0.003611349957007739,4.555555555555555,0.1410146173688736,1.1111111111111112,3.4444444444444446,5.861111111111111,0.18142734307824593,16.583333333333332,0.5133276010318143,3.3333333333333335,0.10318142734307825,0.23474178403755872,0.244,0.13945119208277104,1.5555555555555556,0.04815133276010318,0.22544283413848631,0.19444444444444445,0.0060189165950128975,0.04861111111111111,0.14245014245014245,0.473,4.0,True,G,,,,,Oregon,True,True,power_next_required,28.913333333333334,Weak
Jasper Johnson,all_college_comp,1.0,all_college_comp,0.38515650484542185,Actual Comp,Aden Holloway,2023-24,Auburn,2024.0,20.17142857142857,706.0,21.5,1.8,0.0025495750708215297,1.457142857142857,0.07223796033994334,0.2571428571428571,1.2,4.914285714285715,0.24362606232294617,7.3428571428571425,0.3640226628895184,2.6857142857142855,0.13314447592067988,0.1891348088531187,0.17600000000000002,0.048582995951417005,0.45714285714285713,0.0226628895184136,0.06625258799171842,0.02857142857142857,0.00141643059490085,0.007142857142857143,0.0757020757020757,0.419,1.0,True,G,18.0,5.0,0.9928,,Alabama,True,False,major_next_required,60.540000000000006,Average
Jasper Johnson,all_college_comp,1.0,all_college_comp,0.38515650484542185,Actual Proj,Aden Holloway,2024-25,Alabama,2025.0,21.054054054054053,779.0,22.5,2.9,0.003722721437740693,1.9189189189189189,0.09114249037227215,0.21621621621621623,1.7027027027027026,5.702702702702703,0.27086007702182285,11.405405405405405,0.5417201540436457,1.945945945945946,0.09242618741976893,0.13703844689760183,0.113,0.06893533209322683,0.6216216216216216,0.029525032092426188,0.09009009009009009,0.02702702702702703,0.0012836970474967907,0.006756756756756757,0.10164010164010165,0.604,2.0,True,G,,,,,Alabama,True,False,major_next_required,60.540000000000006,Average
Jasper Johnson,all_college_comp,2.0,all_college_comp,0.43414479495824415,Actual Comp,Caleb Foster,2024-25,Duke,2025.0,13.947368421052632,530.0,21.3,1.8,0.0033962264150943396,1.7105263157894737,0.12264150943396226,0.39473684210526316,1.3157894736842106,1.9210526315789473,0.13773584905660377,4.921052631578948,0.35283018867924526,1.4210526315789473,0.1018867924528302,0.10007412898443292,0.231,0.0532708288940976,0.6052631578947368,0.04339622641509434,0.08771929824561403,0.07894736842105263,0.005660377358490566,0.019736842105263157,0.07197480881691408,0.491,2.0,True,G,19.0,5.0,0.9923,,Duke,True,False,major_next_required,45.526666666666664,Weak
Jasper Johnson,all_college_comp,2.0,all_college_comp,0.43414479495824415,Actual Proj,Caleb Foster,2025-26,Duke,2026.0,24.87878787878788,821.0,17.9,3.2,0.00389768574908648,3.5454545454545454,0.1425091352009744,0.6060606060606061,2.9393939393939394,2.9696969696969697,0.11936662606577345,8.272727272727273,0.3325213154689403,2.787878787878788,0.1120584652862363,0.19632949210414002,0.171,0.11900380321432953,0.30303030303030304,0.012180267965895249,0.04391743522178305,0.06060606060606061,0.00243605359317905,0.015151515151515152,0.09583009583009583,0.5329999999999999,3.0,True,G,,,,,Duke,True,False,major_next_required,45.526666666666664,Weak
Jasper Johnson,all_college_comp,3.0,all_college_comp,0.4800427208972088,Actual Comp,Khristian Lander,2020-21,Indiana,2021.0,10.153846153846153,264.0,19.9,-0.3,-0.0011363636363636363,0.8076923076923077,0.07954545454545454,0.0,0.8076923076923077,1.6923076923076923,0.16666666666666666,2.1153846153846154,0.20833333333333334,1.1538461538461537,0.11363636363636363,0.08125677139761646,0.0,0.03270009342883837,0.34615384615384615,0.03409090909090909,0.05016722408026755,0.15384615384615385,0.015151515151515152,0.038461538461538464,0.08547008547008547,0.34299999999999997,1.0,True,G,27.0,5.0,0.991,,Indiana,True,False,major_next_required,34.49333333333333,Weak
Jasper Johnson,all_college_comp,3.0,all_college_comp,0.4800427208972088,Actual Proj,Khristian Lander,2021-22,Indiana,2022.0,8.846153846153847,115.0,22.9,0.1,0.0008695652173913044,0.7692307692307693,0.08695652173913043,0.0,0.7692307692307693,0.9230769230769231,0.10434782608695652,2.923076923076923,0.33043478260869563,0.9230769230769231,0.10434782608695652,0.06500541711809318,0.0,0.03114294612270321,0.3076923076923077,0.034782608695652174,0.044593088071348944,0.07692307692307693,0.008695652173913044,0.019230769230769232,0.1183431952662722,0.516,2.0,True,G,,,,,Indiana,True,False,major_next_required,34.49333333333333,Weak
Jasper Johnson,current_player,,current_player,,Actual,Jasper Johnson,2025-26,Kentucky,2026.0,12.0,420.0,23.1,0.9,0.002142857142857143,1.0571428571428572,0.0880952380952381,0.2,0.8571428571428571,2.6,0.21666666666666667,4.942857142857143,0.4119047619047619,1.6285714285714286,0.1357142857142857,0.11468812877263582,0.18899999999999997,0.03470213996529786,0.14285714285714285,0.011904761904761904,0.020703933747412005,0.05714285714285714,0.004761904761904762,0.014285714285714285,0.08547008547008547,0.503,1.0,True,G,21.0,5.0,0.9917,,,,,,,
Jasper Johnson,current_player,,current_player,,Projection,Jasper Johnson,2026-27+,Oregon,2027.0,12.259900545085895,429.09651907800634,19.53102197802198,0.4563623343746664,0.001063542382854202,1.9003595224189,0.15500611244196563,0.4136519299257726,1.4867075924931274,1.8498633725513205,0.15088730660974217,4.231189566300997,0.3451242977657738,1.354859958664361,0.11051149670275476,0.09541267314537755,0.03830110462275672,0.06019059078919545,0.30413677816713586,0.024807442527667343,0.04407779393726607,0.1603985433020898,0.013083184705473157,0.04009963582552245,0.0898925011328197,0.5354629753008608,2.0,True,G,21.0,5.0,0.9917,1.0,,,,,,
Jasper Johnson,oregon_comp,1.0,oregon_comp,0.7372812954429412,Actual Comp,Jalen Terry,2020-21,Oregon,2021.0,11.55,231.0,14.6,0.4,0.0017316017316017316,1.2,0.1038961038961039,0.1,1.1,1.65,0.14285714285714285,2.85,0.24675324675324675,1.1,0.09523809523809523,0.07746478873239437,0.083,0.04453441295546559,0.5,0.04329004329004329,0.07246376811594203,0.1,0.008658008658008658,0.025,0.05128205128205128,0.51,1.0,True,G,80.0,4.0,0.9708,,DePaul,True,False,power_next_required,8.033333333333333,Very Weak
Jasper Johnson,oregon_comp,1.0,oregon_comp,0.7372812954429412,Actual Proj,Jalen Terry,2021-22,DePaul,2022.0,31.333333333333332,846.0,16.2,1.1,0.0013002364066193855,3.2222222222222223,0.10283687943262411,0.3333333333333333,2.888888888888889,4.0,0.1276595744680851,8.222222222222221,0.2624113475177305,3.111111111111111,0.09929078014184398,0.21909233176838813,0.10300000000000001,0.11695906432748539,0.5185185185185185,0.016548463356973995,0.07514761137949542,0.07407407407407407,0.002364066193853428,0.018518518518518517,0.18360240582462808,0.473,2.0,True,G,,,,,DePaul,True,False,power_next_required,8.033333333333333,Very Weak
Jasper Johnson,oregon_comp,2.0,oregon_comp,0.8420836872683048,Actual Comp,Jermaine Couisnard,2021-22,South Carolina,2022.0,24.76923076923077,644.0,29.1,1.2,0.0018633540372670807,2.5384615384615383,0.10248447204968944,0.5384615384615384,2.0,4.769230769230769,0.19254658385093168,12.038461538461538,0.4860248447204969,3.1538461538461537,0.12732919254658384,0.2221018418201517,0.212,0.08097165991902834,1.0769230769230769,0.043478260869565216,0.15607580824972128,0.07692307692307693,0.003105590062111801,0.019230769230769232,0.2596975673898751,0.469,2.0,True,G,,,,,Oregon,True,True,power_next_required,5.506666666666667,Very Weak
Jasper Johnson,oregon_comp,2.0,oregon_comp,0.8420836872683048,Actual Proj,Jermaine Couisnard,2022-23,Oregon,2023.0,28.57894736842105,543.0,25.9,1.5,0.0027624309392265192,3.0526315789473686,0.10681399631675875,0.631578947368421,2.4210526315789473,5.105263157894737,0.17863720073664824,12.789473684210526,0.44751381215469616,2.210526315789474,0.07734806629834254,0.1556708673091179,0.207,0.09801832516513957,0.9473684210526315,0.03314917127071823,0.13729977116704803,0.10526315789473684,0.003683241252302026,0.02631578947368421,0.17094017094017094,0.48,3.0,True,G,,,,,Oregon,True,True,power_next_required,5.506666666666667,Very Weak
Jasper Johnson,oregon_comp,3.0,oregon_comp,0.8742920068767203,Actual Comp,Keeshawn Barthelemy,2022-23,Oregon,2023.0,25.916666666666668,622.0,19.7,2.0,0.003215434083601286,1.9583333333333333,0.07556270096463022,0.25,1.7083333333333333,3.9583333333333335,0.1527331189710611,9.333333333333334,0.36012861736334406,2.375,0.09163987138263666,0.16725352112676056,0.128,0.06916329284750337,0.625,0.024115755627009645,0.09057971014492754,0.125,0.00482315112540193,0.03125,0.08903133903133904,0.5,1.0,True,G,,,,,Oregon,True,True,power_next_required,5.06,Very Weak
Jasper Johnson,oregon_comp,3.0,oregon_comp,0.8742920068767203,Actual Proj,Keeshawn Barthelemy,2023-24,Oregon,2024.0,23.0,414.0,18.5,1.2,0.002898550724637681,2.1666666666666665,0.09420289855072464,0.16666666666666666,2.0,2.1666666666666665,0.09420289855072464,7.944444444444445,0.34541062801932365,2.3333333333333335,0.10144927536231885,0.1643192488262911,0.077,0.08097165991902834,0.9444444444444444,0.04106280193236715,0.13687600644122383,0.1111111111111111,0.004830917874396135,0.027777777777777776,0.0902184235517569,0.526,2.0,True,G,,,,,Oregon,True,True,power_next_required,5.06,Very Weak
Jerry Easter II,all_college_comp,1.0,all_college_comp,0.2027525395860521,Actual Comp,Micah Peavy,2020-21,Texas Tech,2021.0,20.310344827586206,589.0,18.3,1.4,0.0023769100169779285,3.103448275862069,0.15280135823429541,1.9655172413793103,1.1379310344827587,0.10344827586206896,0.0050933786078098476,5.655172413793103,0.27843803056027167,1.3793103448275863,0.06791171477079797,0.09713453132588637,0.633,0.046070082367723024,0.5862068965517241,0.028862478777589132,0.0849575212393803,0.20689655172413793,0.010186757215619695,0.05172413793103448,0.09725906277630417,0.45899999999999996,1.0,True,G,45.0,4.0,0.9834,,TCU,True,False,major_next_required,96.69333333333333,Very Strong
Jerry Easter II,all_college_comp,1.0,all_college_comp,0.2027525395860521,Actual Proj,Micah Peavy,2021-22,TCU,2022.0,21.058823529411764,716.0,19.0,1.4,0.001955307262569832,4.029411764705882,0.19134078212290503,1.5,2.5294117647058822,0.8823529411764706,0.04189944134078212,6.088235294117647,0.28910614525139666,1.0588235294117647,0.05027932960893855,0.07456503728251865,0.37200000000000005,0.10240533460347702,0.6176470588235294,0.029329608938547486,0.08951406649616368,0.5294117647058824,0.025139664804469275,0.1323529411764706,0.14077425842131724,0.457,2.0,True,G,,,,,TCU,True,False,major_next_required,96.69333333333333,Very Strong
Jerry Easter II,all_college_comp,2.0,all_college_comp,0.21771744675770321,Actual Comp,Dalen Terry,2020-21,Arizona,2021.0,20.73076923076923,539.0,13.6,0.7,0.0012987012987012987,3.1923076923076925,0.15398886827458255,0.7692307692307693,2.423076923076923,1.6538461538461537,0.07977736549165121,4.576923076923077,0.22077922077922077,1.4615384615384615,0.07050092764378478,0.10292524377031419,0.24100000000000002,0.0981002802865151,0.7307692307692307,0.03525046382189239,0.10590858416945373,0.38461538461538464,0.01855287569573284,0.09615384615384616,0.10190664036817884,0.489,1.0,True,G,52.0,4.0,0.9811,,Arizona,True,False,major_next_required,95.78666666666666,Very Strong
Jerry Easter II,all_college_comp,2.0,all_college_comp,0.21771744675770321,Actual Proj,Dalen Terry,2021-22,Arizona,2022.0,27.81081081081081,1029.0,14.1,4.5,0.004373177842565598,4.837837837837838,0.17395529640427598,1.162162162162162,3.675675675675676,2.081081081081081,0.07482993197278912,8.027027027027026,0.2886297376093295,3.918918918918919,0.14091350826044705,0.27598020555767033,0.24,0.14881278039172777,1.2432432432432432,0.04470359572400389,0.18018018018018017,0.32432432432432434,0.011661807580174927,0.08108108108108109,0.11781011781011781,0.563,2.0,True,G,,,,,Arizona,True,False,major_next_required,95.78666666666666,Very Strong
Jerry Easter II,all_college_comp,3.0,all_college_comp,0.23008792947298076,Actual Comp,Jaden Akins,2021-22,Michigan State,2022.0,14.805555555555555,533.0,14.1,1.0,0.001876172607879925,2.361111111111111,0.15947467166979362,0.6388888888888888,1.7222222222222223,1.3888888888888888,0.09380863039399624,3.388888888888889,0.22889305816135083,0.6944444444444444,0.04690431519699812,0.04890453834115806,0.271,0.06972559604138552,0.6111111111111112,0.04127579737335835,0.08856682769726248,0.25,0.016885553470919325,0.0625,0.05698005698005698,0.48200000000000004,1.0,True,G,54.0,4.0,0.9792,,Michigan State,True,False,major_next_required,95.02000000000001,Very Strong
Jerry Easter II,all_college_comp,3.0,all_college_comp,0.23008792947298076,Actual Proj,Jaden Akins,2022-23,Michigan State,2023.0,27.5,825.0,20.8,2.2,0.002666666666666667,3.966666666666667,0.14424242424242426,0.8,3.1666666666666665,3.8666666666666667,0.1406060606060606,9.766666666666667,0.35515151515151516,1.2,0.04363636363636364,0.08450704225352113,0.20199999999999999,0.1282051282051282,1.2,0.04363636363636364,0.17391304347826086,0.36666666666666664,0.013333333333333334,0.09166666666666666,0.11111111111111112,0.513,2.0,True,G,,,,,Michigan State,True,False,major_next_required,95.02000000000001,Very Strong
Jerry Easter II,current_player,,current_player,,Actual,Jerry Easter II,2025-26,USC,2026.0,17.310344827586206,502.0,14.9,0.7,0.001394422310756972,2.9655172413793105,0.17131474103585656,0.5862068965517241,2.3793103448275863,0.5862068965517241,0.03386454183266932,4.448275862068965,0.25697211155378485,1.0689655172413792,0.061752988047808766,0.07527926177756192,0.198,0.09632835404160268,0.4827586206896552,0.027888446215139442,0.06996501749125437,0.27586206896551724,0.01593625498007968,0.06896551724137931,0.07368110816386679,0.455,1.0,True,G,43.0,4.0,0.9823,,,,,,,
Jerry Easter II,current_player,,current_player,,Projection,Jerry Easter II,2026-27+,Oregon,2027.0,10.065460182168207,322.09472582938264,15.35060477453581,0.4349682702007568,0.0013504358665939926,2.3798836064620943,0.23644061606624348,0.6241035120966941,1.7557800943654,0.6443148157827719,0.06401245488251285,3.1441661383855957,0.31237182220001675,0.9682924174094611,0.09619951794403508,0.06818960685982121,0.05778736223117538,0.07108421434677734,0.46397009299772984,0.04609526883030059,0.06724204246343911,0.253383597290587,0.025173573061217504,0.06334589932264675,0.07626045838696378,0.4986104767098672,2.0,True,G,43.0,4.0,0.9823,1.0,,,,,,
Jerry Easter II,oregon_comp,1.0,oregon_comp,0.5469562314092749,Actual Comp,Rivaldo Soares,2021-22,Oregon,2022.0,18.2,637.0,14.5,1.4,0.002197802197802198,2.6857142857142855,0.14756671899529042,0.8285714285714286,1.8571428571428572,2.0285714285714285,0.11145996860282574,4.742857142857143,0.260596546310832,0.7428571428571429,0.04081632653061224,0.052313883299798795,0.309,0.07518796992481204,0.2,0.01098901098901099,0.028985507246376812,0.2,0.01098901098901099,0.05,0.058608058608058615,0.5,1.0,True,G,,,,,Oregon,True,True,power_next_required,22.46,Weak
Jerry Easter II,oregon_comp,1.0,oregon_comp,0.5469562314092749,Actual Proj,Rivaldo Soares,2022-23,Oregon,2023.0,27.86111111111111,1003.0,16.7,1.9,0.0018943170488534395,3.5833333333333335,0.12861415752741776,1.4166666666666667,2.1666666666666665,2.75,0.09870388833499502,7.194444444444445,0.25822532402791626,1.7777777777777777,0.06380857427716849,0.12519561815336464,0.395,0.08771929824561403,0.5833333333333334,0.020937188434695914,0.08454106280193237,0.3333333333333333,0.011964107676969093,0.08333333333333333,0.13532763532763534,0.434,2.0,True,G,,,,,Oregon,True,True,power_next_required,22.46,Weak
Jerry Easter II,oregon_comp,2.0,oregon_comp,0.5541755784330867,Actual Comp,Brennan Rigsby Jr.,2022-23,Oregon,2023.0,17.666666666666668,371.0,14.4,0.8,0.00215633423180593,2.3333333333333335,0.1320754716981132,0.6190476190476191,1.7142857142857142,2.238095238095238,0.12668463611859837,4.190476190476191,0.2371967654986523,0.8095238095238095,0.04582210242587601,0.05700871898054997,0.265,0.06940427993059572,0.6666666666666666,0.03773584905660377,0.09661835748792269,0.23809523809523808,0.013477088948787063,0.05952380952380952,0.052910052910052914,0.47600000000000003,1.0,True,G,,,,,Oregon,True,True,power_next_required,21.473333333333333,Weak
Jerry Easter II,oregon_comp,2.0,oregon_comp,0.5541755784330867,Actual Proj,Brennan Rigsby Jr.,2023-24,Oregon,2024.0,22.805555555555557,821.0,14.9,1.5,0.0018270401948842874,2.6944444444444446,0.11814859926918392,0.5833333333333334,2.111111111111111,2.8333333333333335,0.12423873325213154,6.055555555555555,0.26552984165651644,1.1111111111111112,0.048721071863580996,0.0782472613458529,0.21600000000000003,0.08547008547008547,0.6666666666666666,0.029232643118148598,0.09661835748792269,0.1388888888888889,0.0060901339829476245,0.034722222222222224,0.0617283950617284,0.5,2.0,True,G,,,,,Oregon,True,True,power_next_required,21.473333333333333,Weak
Jerry Easter II,oregon_comp,3.0,oregon_comp,0.5626276707182583,Actual Comp,Jalen Terry,2020-21,Oregon,2021.0,11.55,231.0,14.6,0.4,0.0017316017316017316,1.2,0.1038961038961039,0.1,1.1,1.65,0.14285714285714285,2.85,0.24675324675324675,1.1,0.09523809523809523,0.07746478873239437,0.083,0.04453441295546559,0.5,0.04329004329004329,0.07246376811594203,0.1,0.008658008658008658,0.025,0.05128205128205128,0.51,1.0,True,G,80.0,4.0,0.9708,,DePaul,True,False,power_next_required,20.4,Weak
Jerry Easter II,oregon_comp,3.0,oregon_comp,0.5626276707182583,Actual Proj,Jalen Terry,2021-22,DePaul,2022.0,31.333333333333332,846.0,16.2,1.1,0.0013002364066193855,3.2222222222222223,0.10283687943262411,0.3333333333333333,2.888888888888889,4.0,0.1276595744680851,8.222222222222221,0.2624113475177305,3.111111111111111,0.09929078014184398,0.21909233176838813,0.10300000000000001,0.11695906432748539,0.5185185185185185,0.016548463356973995,0.07514761137949542,0.07407407407407407,0.002364066193853428,0.018518518518518517,0.18360240582462808,0.473,2.0,True,G,,,,,DePaul,True,False,power_next_required,20.4,Weak
Kendre Harrison,all_college_comp,1.0,all_college_comp,0.58,Actual Comp,Will Shaver,,,,,,,,,,,,,,,,,,,,,,,,,,,,,,,,C,142.0,3.0,0.9249,,,,,,18.186666666666667,Very Weak
Kendre Harrison,all_college_comp,1.0,all_college_comp,0.58,Actual Proj,Will Shaver,2022-23,North Carolina,2023.0,2.0,6.0,15.7,0.0,0.0,0.3333333333333333,0.16666666666666666,0.0,0.3333333333333333,0.0,0.0,0.6666666666666666,0.3333333333333333,0.3333333333333333,0.16666666666666666,0.023474178403755867,0.0,0.013495276653171389,0.0,0.0,0.0,0.0,0.0,0.0,0.0,0.0,1.0,True,F,142.0,3.0,0.9249,,,,,,18.186666666666667,Very Weak
Kendre Harrison,all_college_comp,2.0,all_college_comp,0.62,Actual Comp,Mike Nwoko,2023-24,Miami,2024.0,8.827586206896552,256.0,15.1,0.7,0.002734375,2.0,0.2265625,0.896551724137931,1.103448275862069,0.06896551724137931,0.0078125,2.6551724137931036,0.30078125,0.10344827586206896,0.01171875,0.007285089849441477,0.44799999999999995,0.04467401926567081,0.20689655172413793,0.0234375,0.02998500749625187,0.20689655172413793,0.0234375,0.05172413793103448,0.029472443265546718,0.5589999999999999,1.0,True,C,142.0,3.0,0.9319,,,,,,14.413333333333334,Very Weak
Kendre Harrison,all_college_comp,2.0,all_college_comp,0.62,Actual Proj,Mike Nwoko,2024-25,Mississippi State,2025.0,15.441176470588236,525.0,19.7,1.7,0.003238095238095238,4.588235294117647,0.29714285714285715,1.911764705882353,2.676470588235294,0.20588235294117646,0.013333333333333334,6.147058823529412,0.3980952380952381,0.7058823529411765,0.045714285714285714,0.049710024855012434,0.41700000000000004,0.10835913312693499,0.38235294117647056,0.024761904761904763,0.055413469735720366,0.7941176470588235,0.05142857142857143,0.19852941176470587,0.05781799899446959,0.528,2.0,True,C,142.0,3.0,0.9319,,,,,,14.413333333333334,Very Weak
Kendre Harrison,current_player,,current_player,,Actual,Kendre Harrison,HS recruit (2026),High School,2026.0,,,,,,,,,,,,,,,,,,,,,,,,,,,,,C,142.0,3.0,0.9318,,,,,,,
Kendre Harrison,current_player,,current_player,,Projection,Kendre Harrison,2026-27+,Oregon,2027.0,3.2,48.0,13.7,0.1450275541289765,0.0030214073776870104,2.5991729133200647,0.8122415354125202,0.47426803990901706,2.124904873411048,0.4639700145957647,0.14499062956117645,2.2914112044701374,0.7160660013969179,0.24761076267135368,0.07737836333479801,0.01743737765291223,0.04391370739898306,0.08602853738506266,0.16152216050446933,0.050475675157646664,0.02340900876876367,0.16489362342037012,0.05152925731886566,0.04122340585509253,0.037676046897929964,0.4981496430130255,,,,,,,,,,,,,
Kendre Harrison,oregon_comp,1.0,oregon_comp,8.8,Actual Comp,Jalen Terry,2020-21,Oregon,2021.0,11.55,231.0,14.6,0.4,0.0017316017316017316,1.2,0.1038961038961039,0.1,1.1,1.65,0.14285714285714285,2.85,0.24675324675324675,1.1,0.09523809523809523,0.07746478873239437,0.083,0.04453441295546559,0.5,0.04329004329004329,0.07246376811594203,0.1,0.008658008658008658,0.025,0.05128205128205128,0.51,1.0,True,G,80.0,4.0,0.9708,,,,,,0.0,Very Weak
Kendre Harrison,oregon_comp,1.0,oregon_comp,8.8,Actual Proj,Jalen Terry,2021-22,DePaul,2022.0,31.333333333333332,846.0,16.2,1.1,0.0013002364066193855,3.2222222222222223,0.10283687943262411,0.3333333333333333,2.888888888888889,4.0,0.1276595744680851,8.222222222222221,0.2624113475177305,3.111111111111111,0.09929078014184398,0.21909233176838813,0.10300000000000001,0.11695906432748539,0.5185185185185185,0.016548463356973995,0.07514761137949542,0.07407407407407407,0.002364066193853428,0.018518518518518517,0.18360240582462808,0.473,2.0,True,G,80.0,4.0,0.9708,,,,,,0.0,Very Weak
Pharoah Compton,all_college_comp,1.0,all_college_comp,0.5020029266756463,Actual Comp,Gavin Baxter,2021-22,BYU,2022.0,12.0,96.0,25.6,0.5,0.005208333333333333,2.625,0.21875,1.375,1.25,0.25,0.020833333333333332,6.625,0.5520833333333334,0.375,0.03125,0.026408450704225355,0.524,0.05060728744939271,0.25,0.020833333333333332,0.036231884057971016,1.125,0.09375,0.28125,0.08547008547008547,0.649,2.0,False,F,,,,,Utah,True,False,major_next_required,29.573333333333334,Weak
Pharoah Compton,all_college_comp,1.0,all_college_comp,0.5020029266756463,Actual Proj,Gavin Baxter,2022-23,Utah,2023.0,7.714285714285714,54.0,13.2,0.2,0.003703703703703704,1.5714285714285714,0.2037037037037037,0.7142857142857143,0.8571428571428571,0.0,0.0,1.4285714285714286,0.18518518518518517,0.14285714285714285,0.018518518518518517,0.01006036217303823,0.455,0.03470213996529786,0.0,0.0,0.0,0.8571428571428571,0.1111111111111111,0.21428571428571427,0.03663003663003663,0.375,3.0,True,F,,,,,Utah,True,False,major_next_required,29.573333333333334,Weak
Pharoah Compton,all_college_comp,2.0,all_college_comp,0.5807784033731646,Actual Comp,Sam Godwin,2021-22,Wofford,2022.0,13.333333333333334,400.0,23.7,1.8,0.0045000000000000005,3.1,0.2325,1.6,1.5,0.06666666666666667,0.005,6.333333333333333,0.475,0.6333333333333333,0.0475,0.04460093896713615,0.516,0.06072874493927126,0.43333333333333335,0.0325,0.06280193236714976,0.2,0.015,0.05,0.07977207977207978,0.625,2.0,False,F,,,,,Oklahoma,True,False,major_next_required,18.126666666666665,Very Weak
Pharoah Compton,all_college_comp,2.0,all_college_comp,0.5807784033731646,Actual Proj,Sam Godwin,2022-23,Oklahoma,2023.0,12.875,412.0,17.9,1.9,0.004611650485436893,3.28125,0.25485436893203883,1.5,1.78125,0.0,0.0,4.875,0.3786407766990291,0.4375,0.03398058252427184,0.030809859154929578,0.457,0.07211538461538462,0.28125,0.021844660194174758,0.04076086956521739,0.65625,0.050970873786407765,0.1640625,0.04807692307692308,0.66,3.0,True,F,,,,,Oklahoma,True,False,major_next_required,18.126666666666665,Very Weak
Pharoah Compton,all_college_comp,3.0,all_college_comp,0.5852119860564322,Actual Comp,Tobi Lawal,2023-24,VCU,2024.0,18.894736842105264,718.0,19.5,3.3,0.004596100278551532,5.973684210526316,0.3161559888579387,2.1578947368421053,3.8157894736842106,0.18421052631578946,0.009749303621169917,7.7105263157894735,0.40807799442896936,0.2894736842105263,0.01532033426183844,0.02038547071905115,0.361,0.15448540379288303,0.6578947368421053,0.034818941504178275,0.09534706331045004,0.8947368421052632,0.04735376044568245,0.2236842105263158,0.1102114260008997,0.6759999999999999,2.0,False,F,,,,,Virginia Tech,True,False,major_next_required,17.586666666666666,Very Weak
Pharoah Compton,all_college_comp,3.0,all_college_comp,0.5852119860564322,Actual Proj,Tobi Lawal,2024-25,Virginia Tech,2025.0,26.366666666666667,791.0,24.0,2.5,0.0031605562579013905,7.0,0.26548672566371684,2.3,4.7,2.066666666666667,0.07838179519595449,12.4,0.47029077117572693,0.9,0.03413400758533502,0.06338028169014084,0.32899999999999996,0.19028340080971662,0.6,0.022756005056890013,0.08695652173913043,0.6666666666666666,0.025284450063211124,0.16666666666666666,0.18803418803418806,0.609,3.0,True,F,,,,,Virginia Tech,True,False,major_next_required,17.586666666666666,Very Weak
Pharoah Compton,current_player,,current_player,,Actual,Pharaoh Compton,2025-26,San Diego State,2026.0,13.818181818181818,456.0,21.8,2.4,0.005263157894736842,2.787878787878788,0.20175438596491227,1.2121212121212122,1.5757575757575757,0.06060606060606061,0.0043859649122807015,7.484848484848484,0.5416666666666666,0.3333333333333333,0.02412280701754386,0.023474178403755867,0.435,0.06379585326953748,0.48484848484848486,0.03508771929824561,0.07026789635485288,0.9090909090909091,0.06578947368421052,0.22727272727272727,0.06216006216006217,0.721,2.0,False,F,111.0,4.0,0.9489,,,,,,,
Pharoah Compton,current_player,,current_player,,Projection,Pharoah Compton,2026-27+,Oregon,2027.0,24.5,882.0,21.79069230769231,2.011314108827528,0.0022804014839314375,3.9405351663007004,0.1608381700530898,1.295750402827863,2.6447847634728374,1.911212192856656,0.07800866093292473,10.850803435199111,0.442889936130576,1.2236959446444902,0.049946773250795516,0.08617577074961198,0.11997688915072804,0.1070763062134752,0.704761878785477,0.028765790970835797,0.1021394027225329,0.6881153825178994,0.02808634214358773,0.17202884562947485,0.09994075705821555,0.6054603441225422,3.0,True,F,111.0,4.0,0.9489,1.0,,,,,,
Pharoah Compton,oregon_comp,1.0,oregon_comp,0.8663501889593672,Actual Comp,Mahamadou Diawara,2022-23,Stetson,2023.0,12.7,381.0,18.3,1.0,0.0026246719160104987,4.366666666666666,0.3438320209973753,1.7666666666666666,2.6,0.0,0.0,4.1,0.3228346456692913,0.26666666666666666,0.02099737532808399,0.018779342723004695,0.405,0.10526315789473685,0.2,0.015748031496062992,0.028985507246376812,0.36666666666666664,0.028871391076115485,0.09166666666666666,0.06267806267806268,0.539,3.0,False,F,,,,,Oregon,True,True,power_next_required,5.18,Very Weak
Pharoah Compton,oregon_comp,1.0,oregon_comp,0.8663501889593672,Actual Proj,Mahamadou Diawara,2023-24,Oregon,2024.0,10.916666666666666,393.0,11.8,0.7,0.0017811704834605597,2.8055555555555554,0.25699745547073793,1.0277777777777777,1.7777777777777777,0.027777777777777776,0.002544529262086514,2.0,0.183206106870229,0.4166666666666667,0.03816793893129771,0.02934272300469484,0.366,0.07197480881691408,0.2222222222222222,0.020356234096692113,0.0322061191626409,0.3333333333333333,0.030534351145038167,0.08333333333333333,0.059354226020892686,0.489,4.0,True,F,,,,,Oregon,True,True,power_next_required,5.18,Very Weak
Pharoah Compton,oregon_comp,2.0,oregon_comp,0.8857439578986507,Actual Comp,Miles Stewart,2024-25,Howard,2025.0,10.516129032258064,326.0,17.4,0.7,0.0021472392638036807,2.3870967741935485,0.22699386503067484,0.8064516129032258,1.5806451612903225,0.03225806451612903,0.003067484662576687,3.4516129032258065,0.3282208588957055,0.7741935483870968,0.0736196319018405,0.05452067242162653,0.33799999999999997,0.06399373122632884,0.3225806451612903,0.03067484662576687,0.04675081813931743,0.3225806451612903,0.03067484662576687,0.08064516129032258,0.07995588640749932,0.601,3.0,False,F,,,,,Oregon,True,True,power_next_required,4.88,Very Weak
Pharoah Compton,oregon_comp,2.0,oregon_comp,0.8857439578986507,Actual Proj,Miles Stewart,2025-26,Oregon,2026.0,0.5,1.0,0.0,,,0.0,0.0,0.0,0.0,0.0,0.0,0.0,0.0,0.0,0.0,0.0,,0.0,0.0,0.0,0.0,0.0,0.0,0.0,0.0,,4.0,True,F,,,,,Oregon,True,True,power_next_required,4.88,Very Weak
Pharoah Compton,oregon_comp,3.0,oregon_comp,0.9089039006476004,Actual Comp,Supreme Cook,2022-23,Fairfield,2023.0,26.161290322580644,811.0,26.7,3.6,0.0044389642416769425,8.548387096774194,0.32675709001233044,3.3225806451612905,5.225806451612903,0.0,0.0,13.129032258064516,0.5018495684340321,0.6129032258064516,0.02342786683107275,0.04316219900045434,0.389,0.2115711114013321,0.3548387096774194,0.013563501849568433,0.051425899953249185,0.7096774193548387,0.027127003699136867,0.1774193548387097,0.14061207609594709,0.544,3.0,False,F,,,,,Georgetown,True,False,power_next_required,4.346666666666667,Very Weak
Pharoah Compton,oregon_comp,3.0,oregon_comp,0.9089039006476004,Actual Proj,Supreme Cook,2023-24,Georgetown,2024.0,27.1875,870.0,19.3,2.3,0.00264367816091954,8.0,0.2942528735632184,3.84375,4.15625,0.0,0.0,10.5,0.38620689655172413,0.5625,0.020689655172413793,0.03961267605633803,0.48,0.16826923076923078,0.78125,0.028735632183908046,0.11322463768115941,0.5,0.01839080459770115,0.125,0.12553418803418803,0.575,4.0,True,F,,,,,Georgetown,True,False,power_next_required,4.346666666666667,Very Weak
Sean Stewart,all_college_comp,1.0,all_college_comp,0.35236751160507146,Actual Comp,Brandon Huntley-Hatfield,2022-23,Louisville,2023.0,25.625,615.0,16.6,0.5,0.0008130081300813008,5.375,0.2097560975609756,1.5833333333333333,3.7916666666666665,0.75,0.02926829268292683,6.708333333333333,0.26178861788617885,0.625,0.024390243902439025,0.04401408450704226,0.295,0.15350877192982457,0.625,0.024390243902439025,0.09057971014492754,0.75,0.02926829268292683,0.1875,0.16381766381766383,0.49200000000000005,2.0,True,F,26.0,5.0,0.9901,,Louisville,True,False,major_next_required,70.89333333333333,Strong
Sean Stewart,all_college_comp,1.0,all_college_comp,0.35236751160507146,Actual Proj,Brandon Huntley-Hatfield,2023-24,Louisville,2024.0,30.8125,986.0,19.9,2.9,0.0029411764705882353,8.40625,0.27281947261663286,2.625,5.78125,0.65625,0.02129817444219067,12.90625,0.41886409736308317,1.03125,0.033468559837728194,0.07262323943661972,0.312,0.2340587044534413,0.59375,0.019269776876267748,0.08605072463768115,0.8125,0.02636916835699797,0.203125,0.14423076923076925,0.583,3.0,True,F,,,,,Louisville,True,False,major_next_required,70.89333333333333,Strong
Sean Stewart,all_college_comp,2.0,all_college_comp,0.38686063477095084,Actual Comp,Efton Reid III,2023-24,Wake Forest,2024.0,27.535714285714285,771.0,17.8,3.1,0.004020752269779508,7.857142857142857,0.2853437094682231,2.3214285714285716,5.535714285714286,1.1428571428571428,0.041504539559014265,9.607142857142858,0.34889753566796367,1.5714285714285714,0.057068741893644616,0.11066398390342053,0.295,0.224117987275882,0.6428571428571429,0.023346303501945526,0.09316770186335403,1.2857142857142858,0.04669260700389105,0.32142857142857145,0.1343101343101343,0.57,3.0,True,F,27.0,5.0,0.9901,,Wake Forest,True,False,major_next_required,60.06666666666667,Average
Sean Stewart,all_college_comp,2.0,all_college_comp,0.38686063477095084,Actual Proj,Efton Reid III,2024-25,Wake Forest,2025.0,29.548387096774192,916.0,15.4,2.7,0.0029475982532751093,6.580645161290323,0.22270742358078602,2.032258064516129,4.548387096774194,1.1935483870967742,0.04039301310043668,8.806451612903226,0.2980349344978166,1.032258064516129,0.034934497816593885,0.07269422989550205,0.309,0.18414522659004834,0.5483870967741935,0.018558951965065504,0.07947639083683963,0.967741935483871,0.03275109170305677,0.24193548387096775,0.13234077750206782,0.5760000000000001,4.0,True,F,,,,,Wake Forest,True,False,major_next_required,60.06666666666667,Average
Sean Stewart,all_college_comp,3.0,all_college_comp,0.435215844531245,Actual Comp,Dillon Mitchell,2024-25,Cincinnati,2025.0,28.114285714285714,984.0,17.2,4.1,0.004166666666666667,6.857142857142857,0.24390243902439024,2.1142857142857143,4.742857142857143,0.9714285714285714,0.034552845528455285,9.942857142857143,0.35365853658536583,1.7428571428571429,0.061991869918699184,0.12273641851106641,0.308,0.1920185078079815,1.3714285714285714,0.04878048780487805,0.19875776397515527,0.6285714285714286,0.022357723577235773,0.15714285714285714,0.10256410256410256,0.633,3.0,True,F,5.0,5.0,0.9983,,St. John's,True,False,major_next_required,45.18666666666667,Weak
Sean Stewart,all_college_comp,3.0,all_college_comp,0.435215844531245,Actual Proj,Dillon Mitchell,2025-26,St. John's,2026.0,28.135135135135137,1041.0,14.5,4.3,0.004130643611911624,7.0,0.24879923150816521,2.4054054054054053,4.594594594594595,0.40540540540540543,0.01440922190201729,8.324324324324325,0.29586935638808837,3.0,0.10662824207492795,0.21126760563380284,0.344,0.1860159754896597,1.2702702702702702,0.04514889529298751,0.18409714061887972,0.7297297297297297,0.025936599423631124,0.18243243243243243,0.08778008778008778,0.561,4.0,True,F,,,,,St. John's,True,False,major_next_required,45.18666666666667,Weak
Sean Stewart,current_player,,current_player,,Actual,Sean Stewart,2025-26,Oregon,2026.0,23.03125,737.0,16.5,1.4,0.0018995929443690637,5.1875,0.22523744911804613,2.15625,3.03125,0.03125,0.0013568521031207597,6.53125,0.2835820895522388,1.1875,0.051560379918588875,0.08362676056338028,0.41600000000000004,0.12272267206477733,0.9375,0.0407055630936228,0.1358695652173913,0.4375,0.018995929443690638,0.109375,0.09882478632478633,0.512,3.0,True,F,17.0,5.0,0.9933,,,,,,,
Sean Stewart,current_player,,current_player,,Projection,Sean Stewart,2026-27+,Oregon,2027.0,15.847906568959482,554.6767299135819,16.488695913461537,0.8470535604302757,0.0015271121263050746,3.7268909551538294,0.23516613622984806,1.6817656204834153,2.045125334670414,0.9947588700443646,0.0627691023868572,5.122073961493229,0.32320192822978805,1.2423505891162483,0.07839209448329153,0.08748947810677805,0.15571903893364955,0.0827985965453609,0.78588785552245,0.04958937965104678,0.11389679065542753,0.381010099952206,0.024041667477928713,0.0952525249880515,0.09551305798734616,0.5425440001359367,4.0,True,F,17.0,5.0,0.9933,1.0,,,,,,
Sean Stewart,oregon_comp,1.0,oregon_comp,0.6056876093626999,Actual Comp,Kwame Evans Jr.,2024-25,Oregon,2025.0,16.314285714285713,571.0,19.9,2.0,0.0035026269702276708,4.6,0.2819614711033275,1.6,3.0,1.4857142857142858,0.09106830122591944,6.114285714285714,0.37478108581436076,0.6571428571428571,0.040280210157618214,0.04627766599597586,0.348,0.12145748987854252,0.4,0.024518388791593695,0.057971014492753624,0.5714285714285714,0.03502626970227671,0.14285714285714285,0.0927960927960928,0.514,2.0,True,F,15.0,5.0,0.9942,,Oregon,True,True,power_next_required,15.593333333333334,Very Weak
Sean Stewart,oregon_comp,1.0,oregon_comp,0.6056876093626999,Actual Proj,Kwame Evans Jr.,2025-26,Oregon,2026.0,30.966666666666665,929.0,22.1,3.2,0.003444564047362756,7.433333333333334,0.24004305705059203,2.1666666666666665,5.266666666666667,3.4,0.10979547900968784,13.333333333333334,0.43057050592034446,1.9666666666666666,0.06350914962325081,0.13849765258215962,0.29100000000000004,0.21322537112010798,0.9666666666666667,0.031216361679224973,0.1400966183574879,1.3,0.04198062432723358,0.325,0.1623931623931624,0.511,3.0,True,F,,,,,Oregon,True,True,power_next_required,15.593333333333334,Very Weak
Sean Stewart,oregon_comp,2.0,oregon_comp,0.6270758294303705,Actual Comp,Kwame Evans Jr.,2023-24,Oregon,2024.0,22.52777777777778,811.0,16.9,2.9,0.003575832305795314,4.916666666666667,0.218249075215783,1.4166666666666667,3.5,2.0833333333333335,0.09247842170160296,7.277777777777778,0.32305795314426633,1.1111111111111112,0.04932182490752158,0.0782472613458529,0.28800000000000003,0.1417004048582996,1.2222222222222223,0.05425400739827373,0.17713365539452497,1.0,0.04438964241676942,0.25,0.06885090218423552,0.495,1.0,True,F,15.0,5.0,0.9942,,Oregon,True,True,power_next_required,13.846666666666666,Very Weak
Sean Stewart,oregon_comp,2.0,oregon_comp,0.6270758294303705,Actual Proj,Kwame Evans Jr.,2024-25,Oregon,2025.0,16.314285714285713,571.0,19.9,2.0,0.0035026269702276708,4.6,0.2819614711033275,1.6,3.0,1.4857142857142858,0.09106830122591944,6.114285714285714,0.37478108581436076,0.6571428571428571,0.040280210157618214,0.04627766599597586,0.348,0.12145748987854252,0.4,0.024518388791593695,0.057971014492753624,0.5714285714285714,0.03502626970227671,0.14285714285714285,0.0927960927960928,0.514,2.0,True,F,,,,,Oregon,True,True,power_next_required,13.846666666666666,Very Weak
Sean Stewart,oregon_comp,3.0,oregon_comp,0.634118777223625,Actual Comp,Supreme Cook,2023-24,Georgetown,2024.0,27.1875,870.0,19.3,2.3,0.00264367816091954,8.0,0.2942528735632184,3.84375,4.15625,0.0,0.0,10.5,0.38620689655172413,0.5625,0.020689655172413793,0.03961267605633803,0.48,0.16826923076923078,0.78125,0.028735632183908046,0.11322463768115941,0.5,0.01839080459770115,0.125,0.12553418803418803,0.575,4.0,True,F,,,,,Oregon,True,True,power_next_required,13.36,Very Weak
Sean Stewart,oregon_comp,3.0,oregon_comp,0.634118777223625,Actual Proj,Supreme Cook,2024-25,Oregon,2025.0,11.125,356.0,22.4,0.9,0.0025280898876404497,2.625,0.23595505617977527,1.03125,1.59375,0.0,0.0,4.65625,0.41853932584269665,0.1875,0.016853932584269662,0.013204225352112678,0.39299999999999996,0.06452429149797571,0.3125,0.028089887640449437,0.04528985507246377,0.09375,0.008426966292134831,0.0234375,0.06410256410256411,0.545,5.0,True,F,,,,,Oregon,True,True,power_next_required,13.36,Very Weak
Seven Spurlock,current_player,,current_player,,Actual,Seven Spurlock,HS recruit (2026),High School,2026.0,,,,,,,,,,,,,,,,,,,,,,,,,,,,,SF,202.0,3.0,0.9045,,,,,,,
Seven Spurlock,current_player,,current_player,,Projection,Seven Spurlock,2026-27+,Oregon,2027.0,4.9,147.0,12.6,0.19110102929798028,0.0013000070020270768,1.6529459064503114,0.3373358992755737,0.16886533998344036,1.484080566466871,0.3501165302678683,0.07145235311589149,1.6522503256965673,0.3371939440197076,0.24180183326645535,0.049347312911521495,0.01702829811735601,0.015635679628096328,0.06008423346019721,0.09177,0.018728571428571428,0.0133,0.053200000000000004,0.010857142857142857,0.013300000000000001,0.04631121420037711,0.49814964301302544,,,,,,,,,,,,,
Seven Spurlock,oregon_comp,1.0,oregon_comp,2.5728000000000004,Actual Comp,Mookie Cook,2023-24,Oregon,2024.0,6.4,32.0,9.9,0.0,0.0,0.6,0.09375,0.0,0.6,0.4,0.0625,1.2,0.1875,0.2,0.03125,0.014084507042253523,0.0,0.024291497975708502,0.4,0.0625,0.057971014492753624,0.0,0.0,0.0,0.017094017094017096,0.6,1.0,True,F,30.0,4.0,0.9886,,,,,,0.16666666666666669,Very Weak
Seven Spurlock,oregon_comp,1.0,oregon_comp,2.5728000000000004,Actual Proj,Mookie Cook,2024-25,Oregon,2025.0,4.333333333333333,104.0,10.0,0.4,0.0038461538461538464,0.4583333333333333,0.10576923076923077,0.16666666666666666,0.2916666666666667,0.375,0.08653846153846154,1.125,0.25961538461538464,0.08333333333333333,0.019230769230769232,0.005868544600938967,0.364,0.011808367071524967,0.16666666666666666,0.038461538461538464,0.024154589371980673,0.20833333333333334,0.04807692307692308,0.052083333333333336,0.0035612535612535613,0.706,2.0,True,F,30.0,4.0,0.9886,,,,,,0.16666666666666669,Very Weak
Seven Spurlock,oregon_comp,2.0,oregon_comp,2.7199999999999998,Actual Comp,JJ Frakes,,,,,,,,,,,,,,,,,,,,,,,,,,,,,,,,SG,413.0,3.0,0.852,,,,,,0.15333333333333335,Very Weak
Seven Spurlock,oregon_comp,2.0,oregon_comp,2.7199999999999998,Actual Proj,JJ Frakes,,,,,,,,,,,,,,,,,,,,,,,,,,,,,,,,SG,413.0,3.0,0.852,,,,,,0.15333333333333335,Very Weak
Seven Spurlock,oregon_comp,3.0,oregon_comp,4.4112,Actual Comp,Jamari Phillips,2024-25,Oregon,2025.0,5.428571428571429,76.0,21.7,-0.1,-0.0013157894736842105,0.7857142857142857,0.14473684210526316,0.07142857142857142,0.7142857142857143,1.0714285714285714,0.19736842105263158,1.3571428571428572,0.25,0.21428571428571427,0.039473684210526314,0.015090543259557344,0.091,0.02891844997108155,0.07142857142857142,0.013157894736842105,0.010351966873706002,0.0,0.0,0.0,0.04884004884004884,0.33299999999999996,1.0,True,G,48.0,4.0,0.9809,,,,,,0.0,Very Weak
Seven Spurlock,oregon_comp,3.0,oregon_comp,4.4112,Actual Proj,Jamari Phillips,2025-26,Oregon,2026.0,11.26923076923077,293.0,16.0,0.0,0.0,0.8846153846153846,0.07849829351535836,0.19230769230769232,0.6923076923076923,2.3461538461538463,0.20819112627986347,2.6538461538461537,0.2354948805460751,0.5384615384615384,0.04778156996587031,0.03791982665222102,0.217,0.02802865151043289,0.11538461538461539,0.010238907849829351,0.016722408026755852,0.038461538461538464,0.0034129692832764505,0.009615384615384616,0.04602235371466141,0.43799999999999994,2.0,True,G,48.0,4.0,0.9809,,,,,,0.0,Very Weak
Tahj Ariza,all_college_comp,1.0,all_college_comp,0.0,Actual Comp,Kendall Brown,2021-22,Baylor,2022.0,27.0,918.0,17.1,3.9,0.004248366013071895,4.882352941176471,0.18082788671023964,1.7352941176470589,3.1470588235294117,1.2058823529411764,0.044662309368191724,9.676470588235293,0.35838779956427014,1.8529411764705883,0.06862745098039216,0.13048881524440764,0.355,0.12741128840200047,1.0,0.037037037037037035,0.14492753623188406,0.35294117647058826,0.013071895424836602,0.08823529411764706,0.14580191050779287,0.615,1.0,True,G,14.0,5.0,0.9946,,,,,,100.0,Very Strong
Tahj Ariza,all_college_comp,1.0,all_college_comp,0.0,Actual Proj,Kendall Brown,2021-22,Baylor,2022.0,27.0,918.0,17.1,3.9,0.004248366013071895,4.882352941176471,0.18082788671023964,1.7352941176470589,3.1470588235294117,1.2058823529411764,0.044662309368191724,9.676470588235293,0.35838779956427014,1.8529411764705883,0.06862745098039216,0.13048881524440764,0.355,0.12741128840200047,1.0,0.037037037037037035,0.14492753623188406,0.35294117647058826,0.013071895424836602,0.08823529411764706,0.14580191050779287,0.615,1.0,True,G,14.0,5.0,0.9946,,,,,,100.0,Very Strong
Tahj Ariza,all_college_comp,2.0,all_college_comp,0.0,Actual Comp,Brandon Miller,2022-23,Alabama,2023.0,32.67567567567568,1209.0,26.2,6.8,0.0056244830438378825,8.243243243243244,0.2522746071133168,2.054054054054054,6.1891891891891895,7.45945945945946,0.228287841191067,18.81081081081081,0.575682382133995,2.081081081081081,0.06368899917287014,0.1465550057099353,0.249,0.2505744611007769,0.8918918918918919,0.02729528535980149,0.12925969447708577,0.8648648648648649,0.026468155500413565,0.21621621621621623,0.18711018711018712,0.5329999999999999,1.0,True,F,14.0,5.0,0.9952,,,,,,100.0,Very Strong
Tahj Ariza,all_college_comp,2.0,all_college_comp,0.0,Actual Proj,Brandon Miller,2022-23,Alabama,2023.0,32.67567567567568,1209.0,26.2,6.8,0.0056244830438378825,8.243243243243244,0.2522746071133168,2.054054054054054,6.1891891891891895,7.45945945945946,0.228287841191067,18.81081081081081,0.575682382133995,2.081081081081081,0.06368899917287014,0.1465550057099353,0.249,0.2505744611007769,0.8918918918918919,0.02729528535980149,0.12925969447708577,0.8648648648648649,0.026468155500413565,0.21621621621621623,0.18711018711018712,0.5329999999999999,1.0,True,F,14.0,5.0,0.9952,,,,,,100.0,Very Strong
Tahj Ariza,all_college_comp,3.0,all_college_comp,0.0,Actual Comp,Will Riley,2024-25,Illinois,2025.0,25.62857142857143,897.0,23.8,3.2,0.0035674470457079154,4.142857142857143,0.1616499442586399,1.2,2.942857142857143,4.114285714285714,0.1605351170568562,12.6,0.4916387959866221,2.2285714285714286,0.08695652173913043,0.15694164989939638,0.29,0.11914401388085599,0.2571428571428571,0.010033444816053512,0.03726708074534161,0.2857142857142857,0.011148272017837236,0.07142857142857142,0.10256410256410256,0.49700000000000005,1.0,True,F,14.0,5.0,0.9951,,,,,,100.0,Very Strong
Tahj Ariza,all_college_comp,3.0,all_college_comp,0.0,Actual Proj,Will Riley,2024-25,Illinois,2025.0,25.62857142857143,897.0,23.8,3.2,0.0035674470457079154,4.142857142857143,0.1616499442586399,1.2,2.942857142857143,4.114285714285714,0.1605351170568562,12.6,0.4916387959866221,2.2285714285714286,0.08695652173913043,0.15694164989939638,0.29,0.11914401388085599,0.2571428571428571,0.010033444816053512,0.03726708074534161,0.2857142857142857,0.011148272017837236,0.07142857142857142,0.10256410256410256,0.49700000000000005,1.0,True,F,14.0,5.0,0.9951,,,,,,100.0,Very Strong
Tahj Ariza,current_player,,current_player,,Actual,Tahj Ariza,HS recruit (2026),High School,2026.0,,,,,,,,,,,,,,,,,,,,,,,,,,,,,SF,14.0,5.0,0.9889,,,,,,,
Tahj Ariza,current_player,,current_player,,Projection,Tahj Ariza,2026-27+,Oregon,2027.0,14.2,454.4,17.4,0.31566285106891917,0.0006946805701340651,2.438026780610201,0.1716920268035353,1.3048453761027747,1.1331814045074264,1.3955105760376543,0.09827539267870805,4.250948144948312,0.29936254541889523,1.6144615907234359,0.11369447821996027,0.11369447821996027,0.12081901630581247,0.04587778965617111,0.6746866838039229,0.047513146746755136,0.09778067881216274,0.4159682899865441,0.02929354154834818,0.10399207249663603,0.13031097636130565,0.5266100026063196,,,,,,,,,,,,,
Tahj Ariza,oregon_comp,1.0,oregon_comp,1.54,Actual Comp,Kwame Evans Jr.,2023-24,Oregon,2024.0,22.52777777777778,811.0,16.9,2.9,0.003575832305795314,4.916666666666667,0.218249075215783,1.4166666666666667,3.5,2.0833333333333335,0.09247842170160296,7.277777777777778,0.32305795314426633,1.1111111111111112,0.04932182490752158,0.0782472613458529,0.28800000000000003,0.1417004048582996,1.2222222222222223,0.05425400739827373,0.17713365539452497,1.0,0.04438964241676942,0.25,0.06885090218423552,0.495,1.0,True,F,15.0,5.0,0.9942,,,,,,0.7666666666666666,Very Weak
Tahj Ariza,oregon_comp,1.0,oregon_comp,1.54,Actual Proj,Kwame Evans Jr.,2024-25,Oregon,2025.0,16.314285714285713,571.0,19.9,2.0,0.0035026269702276708,4.6,0.2819614711033275,1.6,3.0,1.4857142857142858,0.09106830122591944,6.114285714285714,0.37478108581436076,0.6571428571428571,0.040280210157618214,0.04627766599597586,0.348,0.12145748987854252,0.4,0.024518388791593695,0.057971014492753624,0.5714285714285714,0.03502626970227671,0.14285714285714285,0.0927960927960928,0.514,2.0,True,F,15.0,5.0,0.9942,,,,,,0.7666666666666666,Very Weak
Tahj Ariza,oregon_comp,2.0,oregon_comp,1.78,Actual Comp,Kel'el Ware,2022-23,Oregon,2023.0,15.8,553.0,22.8,2.1,0.00379746835443038,4.057142857142857,0.25678119349005424,0.9714285714285714,3.085714285714286,1.5714285714285714,0.09945750452079566,6.628571428571429,0.41952983725135623,0.5142857142857142,0.0325497287522604,0.03621730382293763,0.239,0.12492770387507231,0.37142857142857144,0.023508137432188065,0.053830227743271224,1.2857142857142858,0.081374321880651,0.32142857142857145,0.06593406593406594,0.49700000000000005,1.0,True,C,7.0,5.0,0.9976,,,,,,0.38666666666666666,Very Weak
Tahj Ariza,oregon_comp,2.0,oregon_comp,1.78,Actual Proj,Kel'el Ware,2023-24,Indiana,2024.0,32.1,963.0,22.9,4.2,0.004361370716510903,9.866666666666667,0.3073727933541018,2.1,7.766666666666667,1.3333333333333333,0.04153686396677051,15.933333333333334,0.4963655244029076,1.5,0.04672897196261682,0.10563380281690142,0.213,0.3144399460188934,0.6,0.018691588785046728,0.08695652173913043,1.8666666666666667,0.058151609553478714,0.4666666666666667,0.1339031339031339,0.612,2.0,True,C,7.0,5.0,0.9976,,,,,,0.38666666666666666,Very Weak
Tahj Ariza,oregon_comp,3.0,oregon_comp,1.9,Actual Comp,Jackson Shelstad,2023-24,Oregon,2024.0,32.625,1044.0,21.2,2.3,0.0022030651340996165,2.84375,0.0871647509578544,0.4375,2.40625,4.4375,0.1360153256704981,12.84375,0.3936781609195402,2.75,0.0842911877394636,0.19366197183098594,0.154,0.09741902834008097,0.65625,0.020114942528735632,0.0951086956521739,0.21875,0.006704980842911878,0.0546875,0.1388888888888889,0.52,1.0,True,G,24.0,5.0,0.9905,,,,,,0.3066666666666667,Very Weak
Tahj Ariza,oregon_comp,3.0,oregon_comp,1.9,Actual Proj,Jackson Shelstad,2024-25,Oregon,2025.0,32.97142857142857,1154.0,20.9,3.8,0.003292894280762565,2.8857142857142857,0.08752166377816291,0.4,2.4857142857142858,4.9714285714285715,0.15077989601386482,13.685714285714285,0.4150779896013865,2.657142857142857,0.0805892547660312,0.18712273641851107,0.139,0.1006362058993638,1.0,0.030329289428076257,0.14492753623188406,0.02857142857142857,0.0008665511265164644,0.007142857142857143,0.126984126984127,0.5379999999999999,2.0,True,G,24.0,5.0,0.9905,,,,,,0.3066666666666667,Very Weak
Taylor Bol Bowen,all_college_comp,1.0,all_college_comp,0.3454530151193658,Actual Comp,Jarin Stevenson,2024-25,Alabama,2025.0,18.72972972972973,693.0,14.0,1.5,0.0021645021645021645,3.4054054054054053,0.18181818181818182,0.972972972972973,2.4324324324324325,2.72972972972973,0.14574314574314573,5.405405405405405,0.2886002886002886,0.7837837837837838,0.04184704184704185,0.05519604111153407,0.28600000000000003,0.0984790458474669,0.4594594594594595,0.024531024531024532,0.06658832745789267,0.5675675675675675,0.030303030303030304,0.14189189189189189,0.06930006930006931,0.529,2.0,True,F,106.0,4.0,0.9513,,North Carolina,True,False,major_next_required,72.72,Strong
Taylor Bol Bowen,all_college_comp,1.0,all_college_comp,0.3454530151193658,Actual Proj,Jarin Stevenson,2025-26,North Carolina,2026.0,25.78787878787879,851.0,15.1,2.6,0.003055229142185664,4.424242424242424,0.17156286721504113,1.4242424242424243,3.0,2.6666666666666665,0.10340775558166862,8.06060606060606,0.3125734430082256,0.8787878787878788,0.03407755581668625,0.061886470337174565,0.322,0.12145748987854252,0.5757575757575758,0.022326674500587545,0.08344312692138779,0.6666666666666666,0.025851938895417155,0.16666666666666666,0.06993006993006994,0.541,3.0,True,F,,,,,North Carolina,True,False,major_next_required,72.72,Strong
Taylor Bol Bowen,all_college_comp,2.0,all_college_comp,0.3769587271048826,Actual Comp,Luke Goode,2023-24,Illinois,2024.0,20.13157894736842,765.0,13.2,2.2,0.0028758169934640526,3.5526315789473686,0.17647058823529413,1.0526315789473684,2.5,4.131578947368421,0.20522875816993463,5.7368421052631575,0.2849673202614379,0.5789473684210527,0.02875816993464052,0.0407709414381023,0.29600000000000004,0.10121457489878542,0.2631578947368421,0.013071895424836602,0.03813882532418001,0.13157894736842105,0.006535947712418301,0.03289473684210526,0.04048582995951417,0.5670000000000001,3.0,True,F,103.0,4.0,0.9574,,Indiana,True,False,major_next_required,63.07333333333334,Average
Taylor Bol Bowen,all_college_comp,2.0,all_college_comp,0.3769587271048826,Actual Proj,Luke Goode,2024-25,Indiana,2025.0,26.71875,855.0,14.9,2.8,0.0032748538011695906,3.0625,0.11461988304093568,0.75,2.3125,4.9375,0.1847953216374269,9.09375,0.34035087719298246,0.625,0.023391812865497075,0.04401408450704226,0.245,0.09362348178137653,0.8125,0.0304093567251462,0.11775362318840579,0.21875,0.008187134502923977,0.0546875,0.034722222222222224,0.5579999999999999,4.0,True,F,,,,,Indiana,True,False,major_next_required,63.07333333333334,Average
Taylor Bol Bowen,all_college_comp,3.0,all_college_comp,0.39275551151474764,Actual Comp,Max Murrell,2022-23,Stanford,2023.0,14.0,434.0,15.6,1.1,0.002534562211981567,1.7096774193548387,0.12211981566820276,0.3548387096774194,1.3548387096774193,2.0,0.14285714285714285,4.387096774193548,0.31336405529953915,0.41935483870967744,0.029953917050691243,0.029532030895047707,0.20800000000000002,0.05485176962256758,0.2903225806451613,0.020737327188940093,0.04207573632538569,0.7096774193548387,0.05069124423963134,0.1774193548387097,0.04962779156327544,0.583,3.0,True,F,142.0,4.0,0.9365,,Stanford,True,False,major_next_required,58.01333333333333,Average
Taylor Bol Bowen,all_college_comp,3.0,all_college_comp,0.39275551151474764,Actual Proj,Max Murrell,2023-24,Stanford,2024.0,14.588235294117647,248.0,11.1,0.4,0.0016129032258064516,2.1176470588235294,0.14516129032258066,0.5882352941176471,1.5294117647058822,1.3529411764705883,0.09274193548387097,2.6470588235294117,0.1814516129032258,0.5882352941176471,0.04032258064516129,0.04142502071251036,0.278,0.06191950464396285,0.4117647058823529,0.028225806451612902,0.05967604433077578,0.9411764705882353,0.06451612903225806,0.23529411764705882,0.04022121669180493,0.451,4.0,True,F,,,,,Stanford,True,False,major_next_required,58.01333333333333,Average
Taylor Bol Bowen,current_player,,current_player,,Actual,Taylor Bol Bowen,2025-26,Alabama,2026.0,19.133333333333333,574.0,15.4,1.3,0.002264808362369338,4.166666666666667,0.21777003484320556,1.1,3.066666666666667,3.2,0.1672473867595819,6.333333333333333,0.3310104529616725,0.4666666666666667,0.024390243902439025,0.03286384976525822,0.264,0.1241565452091768,0.43333333333333335,0.02264808362369338,0.06280193236714976,1.0,0.05226480836236934,0.25,0.05413105413105413,0.51,3.0,True,F,73.0,4.0,0.9715,,,,,,,
Taylor Bol Bowen,current_player,,current_player,,Projection,Taylor Bol Bowen,2026-27+,Oregon,2027.0,22.1,773.5,16.635160256410256,1.1149348905533818,0.0014414155016850443,3.937894247399689,0.17818526006333435,1.1935704600995098,2.7443237873001793,2.820038631611304,0.1276035579914617,6.634660001171801,0.30021085978152945,1.125132807205822,0.05091098675139465,0.07923470473280438,0.1105157833425472,0.111106226206485,0.6399647057120776,0.028957678991496726,0.09274850807421414,0.7175362613631091,0.03246770413407733,0.17938406534077728,0.07881919485649157,0.5522289550330557,4.0,True,F,73.0,4.0,0.9715,1.0,,,,,,
Taylor Bol Bowen,oregon_comp,1.0,oregon_comp,0.6235839111185433,Actual Comp,Kwame Evans Jr.,2024-25,Oregon,2025.0,16.314285714285713,571.0,19.9,2.0,0.0035026269702276708,4.6,0.2819614711033275,1.6,3.0,1.4857142857142858,0.09106830122591944,6.114285714285714,0.37478108581436076,0.6571428571428571,0.040280210157618214,0.04627766599597586,0.348,0.12145748987854252,0.4,0.024518388791593695,0.057971014492753624,0.5714285714285714,0.03502626970227671,0.14285714285714285,0.0927960927960928,0.514,2.0,True,F,15.0,5.0,0.9942,,Oregon,True,True,power_next_required,14.133333333333335,Very Weak
Taylor Bol Bowen,oregon_comp,1.0,oregon_comp,0.6235839111185433,Actual Proj,Kwame Evans Jr.,2025-26,Oregon,2026.0,30.966666666666665,929.0,22.1,3.2,0.003444564047362756,7.433333333333334,0.24004305705059203,2.1666666666666665,5.266666666666667,3.4,0.10979547900968784,13.333333333333334,0.43057050592034446,1.9666666666666666,0.06350914962325081,0.13849765258215962,0.29100000000000004,0.21322537112010798,0.9666666666666667,0.031216361679224973,0.1400966183574879,1.3,0.04198062432723358,0.325,0.1623931623931624,0.511,3.0,True,F,,,,,Oregon,True,True,power_next_required,14.133333333333335,Very Weak
Taylor Bol Bowen,oregon_comp,2.0,oregon_comp,0.6250977189275647,Actual Comp,Quincy Guerrier,2022-23,Oregon,2023.0,25.75,927.0,19.6,2.5,0.002696871628910464,4.638888888888889,0.18015102481121897,1.3055555555555556,3.3333333333333335,4.0,0.1553398058252427,9.0,0.34951456310679613,1.0,0.038834951456310676,0.07042253521126761,0.281,0.1349527665317139,0.3888888888888889,0.015102481121898598,0.05636070853462158,0.3611111111111111,0.014023732470334413,0.09027777777777778,0.11158594491927826,0.519,3.0,True,F,,,,,Illinois,True,False,power_next_required,13.98,Very Weak
Taylor Bol Bowen,oregon_comp,2.0,oregon_comp,0.6250977189275647,Actual Proj,Quincy Guerrier,2023-24,Illinois,2024.0,24.157894736842106,918.0,18.7,3.0,0.0032679738562091504,6.105263157894737,0.25272331154684097,1.7105263157894737,4.394736842105263,3.026315789473684,0.12527233115468409,9.552631578947368,0.3954248366013072,0.2894736842105263,0.011982570806100218,0.02038547071905115,0.28,0.17792456850628596,0.2631578947368421,0.010893246187363835,0.03813882532418001,0.3157894736842105,0.013071895424836602,0.07894736842105263,0.07647323436797121,0.556,4.0,True,F,,,,,Illinois,True,False,power_next_required,13.98,Very Weak
Taylor Bol Bowen,oregon_comp,3.0,oregon_comp,0.6829595051464081,Actual Comp,Brandon Angel,2021-22,Stanford,2022.0,19.90625,637.0,19.5,1.9,0.0029827315541601255,2.9375,0.14756671899529042,0.75,2.1875,2.625,0.13186813186813187,7.71875,0.3877551020408163,0.65625,0.03296703296703297,0.04621478873239437,0.255,0.08856275303643725,0.34375,0.01726844583987441,0.049818840579710144,0.125,0.006279434850863423,0.03125,0.09081196581196582,0.552,2.0,True,F,237.0,3.0,0.8879,,Stanford,True,False,power_next_required,10.086666666666666,Very Weak
Taylor Bol Bowen,oregon_comp,3.0,oregon_comp,0.6829595051464081,Actual Proj,Brandon Angel,2022-23,Stanford,2023.0,25.848484848484848,853.0,19.0,2.7,0.003165298944900352,4.484848484848484,0.1735052754982415,1.121212121212121,3.3636363636363638,2.3333333333333335,0.09026963657678781,9.545454545454545,0.369284876905041,1.8484848484848484,0.07151230949589683,0.13017498932991892,0.25,0.1361796098638204,0.6060606060606061,0.023446658851113716,0.0878348704435661,0.24242424242424243,0.009378663540445486,0.06060606060606061,0.14763014763014765,0.585,3.0,True,F,,,,,Stanford,True,False,power_next_required,10.086666666666666,Very Weak
Tyrone Riley IV,all_college_comp,1.0,all_college_comp,0.1877244098263123,Actual Comp,Cedric Henderson Jr.,2021-22,Campbell,2022.0,33.827586206896555,981.0,23.5,3.4,0.0034658511722731903,5.551724137931035,0.16411824668705402,1.0,4.551724137931035,3.4482758620689653,0.1019367991845056,14.03448275862069,0.4148827726809378,1.5517241379310345,0.045871559633027525,0.10927634774162215,0.18,0.1842803294708921,1.0344827586206897,0.03058103975535168,0.14992503748125938,0.4827586206896552,0.014271151885830785,0.1206896551724138,0.14736221632773358,0.557,2.0,False,G,,,,,Arizona,True,False,major_next_required,97.14,Very Strong
Tyrone Riley IV,all_college_comp,1.0,all_college_comp,0.1877244098263123,Actual Proj,Cedric Henderson Jr.,2022-23,Arizona,2023.0,23.114285714285714,809.0,17.4,2.5,0.0030902348578491965,3.4857142857142858,0.1508034610630408,1.0857142857142856,2.4,2.6285714285714286,0.11372064276885044,8.085714285714285,0.34981458590852904,1.1142857142857143,0.048207663782447466,0.07847082494969819,0.311,0.09716599190283401,0.7714285714285715,0.03337453646477132,0.11180124223602485,0.42857142857142855,0.018541409147095178,0.10714285714285714,0.10500610500610502,0.545,3.0,True,G,,,,,Arizona,True,False,major_next_required,97.14,Very Strong
Tyrone Riley IV,all_college_comp,2.0,all_college_comp,0.1934954514051267,Actual Comp,Jaylin Sellers,2022-23,Ball State,2023.0,29.903225806451612,927.0,21.6,2.8,0.0030204962243797194,3.7096774193548385,0.12405609492988134,1.064516129032258,2.6451612903225805,3.870967741935484,0.12944983818770225,13.548387096774194,0.45307443365695793,0.8387096774193549,0.028047464940668825,0.059064061790095414,0.287,0.10709155021548909,0.6774193548387096,0.022653721682847898,0.0981767180925666,0.5161290322580645,0.017259978425026967,0.12903225806451613,0.1350978770333609,0.5820000000000001,2.0,False,G,,,,,UCF,True,False,major_next_required,96.92,Very Strong
Tyrone Riley IV,all_college_comp,2.0,all_college_comp,0.1934954514051267,Actual Proj,Jaylin Sellers,2023-24,UCF,2024.0,32.03030303030303,1057.0,24.4,3.8,0.0035950804162724692,3.5757575757575757,0.11163670766319773,1.393939393939394,2.1818181818181817,5.303030303030303,0.16556291390728478,15.878787878787879,0.4957426679280984,1.0909090909090908,0.03405865657521287,0.07682458386683738,0.39,0.08833271991166727,1.0606060606060606,0.033112582781456956,0.15371102327624064,0.12121212121212122,0.003784295175023652,0.030303030303030304,0.10878010878010878,0.48200000000000004,3.0,True,G,,,,,UCF,True,False,major_next_required,96.92,Very Strong
Tyrone Riley IV,all_college_comp,3.0,all_college_comp,0.1943007549899587,Actual Comp,Michael Jones,2021-22,Davidson,2022.0,31.147058823529413,1059.0,18.4,4.3,0.004060434372049102,3.6176470588235294,0.11614730878186968,0.5588235294117647,3.0588235294117645,4.823529411764706,0.15486307837582625,11.823529411764707,0.37960339943342775,1.9411764705882353,0.06232294617563739,0.1367025683512842,0.154,0.1238390092879257,0.9705882352941176,0.031161473087818695,0.14066496163682862,0.29411764705882354,0.009442870632672332,0.07352941176470588,0.0904977375565611,0.584,2.0,False,G,,,,,Stanford,True,False,major_next_required,96.90666666666667,Very Strong
Tyrone Riley IV,all_college_comp,3.0,all_college_comp,0.1943007549899587,Actual Proj,Michael Jones,2022-23,Stanford,2023.0,25.87878787878788,854.0,18.6,2.6,0.003044496487119438,2.6363636363636362,0.10187353629976581,0.5151515151515151,2.121212121212121,4.0606060606060606,0.15690866510538642,9.484848484848484,0.3665105386416862,1.6666666666666667,0.06440281030444965,0.11737089201877936,0.195,0.0858790332474543,0.6060606060606061,0.0234192037470726,0.0878348704435661,0.12121212121212122,0.00468384074941452,0.030303030303030304,0.09324009324009323,0.5379999999999999,3.0,True,G,,,,,Stanford,True,False,major_next_required,96.90666666666667,Very Strong
Tyrone Riley IV,current_player,,current_player,,Actual,Tyrone Riley IV,2025-26,San Francisco,2026.0,31.838709677419356,987.0,19.0,2.9,0.002938196555217832,4.838709677419355,0.1519756838905775,1.3870967741935485,3.4516129032258065,3.6774193548387095,0.11550151975683891,12.225806451612904,0.3839918946301925,1.2258064516129032,0.03850050658561297,0.08632439800090869,0.287,0.13974141308606505,1.032258064516129,0.03242147922998987,0.1496026180458158,0.4838709677419355,0.015197568389057751,0.12096774193548387,0.07444168734491316,0.542,2.0,False,G,,,,,,,,,,
Tyrone Riley IV,current_player,,current_player,,Projection,Tyrone Riley IV,2026-27+,Oregon,2027.0,31.734742245578268,1142.4507208408177,23.241482630272955,1.958554090330852,0.001714344482963257,4.984533564365205,0.15706866392020943,1.567948799048037,3.416584765317168,4.073117784802347,0.12834885354614378,13.514621652069966,0.4258620267808545,1.9336542885715469,0.06093177860428253,0.1361728372233484,0.1451804443562997,0.1383232698508975,1.1179007094891475,0.03522639953519425,0.16201459557813733,0.5692229465963123,0.017936901525507885,0.14230573664907809,0.12077476330598393,0.5484513955211393,3.0,True,G,,,,1.0,,,,,,
Tyrone Riley IV,oregon_comp,1.0,oregon_comp,0.6056836913755205,Actual Comp,Ra'Heim Moss,2023-24,Toledo,2024.0,31.90625,1021.0,25.7,3.3,0.0032321253672869736,5.4375,0.17042115572967678,0.875,4.5625,2.84375,0.089128305582762,15.5,0.48579823702252695,3.03125,0.09500489715964741,0.21346830985915494,0.161,0.1847165991902834,1.6875,0.05288932419196866,0.24456521739130432,0.3125,0.009794319294809012,0.078125,0.2136752136752137,0.5,3.0,False,G,,,,,Oregon,True,True,power_next_required,15.593333333333334,Very Weak
Tyrone Riley IV,oregon_comp,1.0,oregon_comp,0.6056836913755205,Actual Proj,Ra'Heim Moss,2024-25,Oregon,2025.0,10.3,309.0,11.5,0.3,0.000970873786407767,1.6,0.1553398058252427,0.3,1.3,0.5333333333333333,0.05177993527508091,1.5333333333333334,0.1488673139158576,0.5333333333333333,0.05177993527508091,0.03755868544600939,0.188,0.052631578947368425,0.36666666666666664,0.03559870550161812,0.05314009661835748,0.03333333333333333,0.003236245954692557,0.008333333333333333,0.042735042735042736,0.341,4.0,True,G,,,,,Oregon,True,True,power_next_required,15.593333333333334,Very Weak
Tyrone Riley IV,oregon_comp,2.0,oregon_comp,0.6887902637962697,Actual Comp,Jesse Zarzuela,2022-23,Central Michigan,2023.0,31.764705882352942,540.0,28.3,1.3,0.0024074074074074076,2.764705882352941,0.08703703703703704,0.5882352941176471,2.176470588235294,6.9411764705882355,0.21851851851851853,16.294117647058822,0.512962962962963,2.7058823529411766,0.08518518518518518,0.19055509527754766,0.213,0.08811621814717789,0.8823529411764706,0.027777777777777776,0.12787723785166238,0.0,0.0,0.0,0.2463549522373052,0.491,2.0,False,G,,,,,Oregon,True,True,power_next_required,9.873333333333335,Very Weak
Tyrone Riley IV,oregon_comp,2.0,oregon_comp,0.6887902637962697,Actual Proj,Jesse Zarzuela,2023-24,Oregon,2024.0,27.8,139.0,18.6,0.3,0.002158273381294964,2.4,0.08633093525179857,0.2,2.2,3.8,0.1366906474820144,10.0,0.3597122302158273,2.2,0.07913669064748201,0.15492957746478875,0.083,0.08906882591093118,0.4,0.014388489208633094,0.057971014492753624,0.0,0.0,0.0,0.10256410256410256,0.44,3.0,True,G,,,,,Oregon,True,True,power_next_required,9.873333333333335,Very Weak
Tyrone Riley IV,oregon_comp,3.0,oregon_comp,0.6930603009611986,Actual Comp,De'Vion Harmon,2021-22,Oregon,2022.0,31.4,1099.0,19.1,2.8,0.0025477707006369425,2.6285714285714286,0.08371246587807098,0.4,2.2285714285714286,3.9714285714285715,0.1264786169244768,10.771428571428572,0.34303912647861695,2.057142857142857,0.06551410373066424,0.1448692152917505,0.152,0.09022556390977444,1.3142857142857143,0.04185623293903549,0.19047619047619047,0.08571428571428572,0.00272975432211101,0.02142857142857143,0.12454212454212454,0.494,2.0,True,G,,,,,Texas Tech,True,False,power_next_required,9.713333333333333,Very Weak
Tyrone Riley IV,oregon_comp,3.0,oregon_comp,0.6930603009611986,Actual Proj,De'Vion Harmon,2022-23,Texas Tech,2023.0,31.0625,994.0,24.6,3.4,0.003420523138832998,2.875,0.0925553319919517,0.21875,2.65625,2.46875,0.079476861167002,13.59375,0.43762575452716296,3.5625,0.11468812877263582,0.25088028169014087,0.076,0.10754048582995952,1.59375,0.05130784708249497,0.23097826086956522,0.15625,0.005030181086519115,0.0390625,0.15491452991452992,0.478,3.0,True,G,,,,,Texas Tech,True,False,power_next_required,9.713333333333333,Very Weak
